Workbook

Sheet Results - Cost Weight
B1: Tier Number | C1: Tier Name | D1: Population (2016) | E1: Population (2021) | F1: 5 Year Met By | G1: 10 Year Met By | H1: 20 Year Met By | J1: Rural Remainder (#) for 10 yr | K1: Rural Remainder (%) for 10 yr | L1: Rural Remainder (#) for 20 yr | M1: Rural Remainder (%) for 20 yr | O1: Specail Weight 10 Yr | P1: Specail Weight 20 yr
B3: 4-001 | C3: St. John's | D3: 255012 | E3: ='DR Threshold Analysis'!D3 -> 257547.97 | F3: ='DR Threshold Analysis'!AI3 -> Metro/Urban | G3: ='DR Threshold Analysis'!AK3 -> Metro/Urban | H3: ='DR Threshold Analysis'!AM3 -> Metro/Urban
B4: 4-002 | C4: Placentia | D4: 15304 | E4: ='DR Threshold Analysis'!D4 -> 14303.34 | F4: ='DR Threshold Analysis'!AI4 -> Rural | G4: ='DR Threshold Analysis'!AK4 -> Rural | H4: ='DR Threshold Analysis'!AM4 -> Rural
B5: 4-003 | C5: Gander/Grand Falls/Windsor | D5: 144229 | E5: ='DR Threshold Analysis'!D5 -> 137707.5 | F5: ='DR Threshold Analysis'!AI5 -> Rural | G5: ='DR Threshold Analysis'!AK5 -> Rural | H5: ='DR Threshold Analysis'!AM5 -> Rural
B6: 4-004 | C6: Corner Brook/Stephenville | D6: 77974 | E6: ='DR Threshold Analysis'!D6 -> 74334.09 | F6: ='DR Threshold Analysis'!AI6 -> Rural | G6: ='DR Threshold Analysis'!AK6 -> Rural | H6: ='DR Threshold Analysis'!AM6 -> Rural
B7: 4-005 | C7: Labrador | D7: 27656 | E7: ='DR Threshold Analysis'!D7 -> 26864.59 | F7: ='DR Threshold Analysis'!AI7 -> Remote | G7: ='DR Threshold Analysis'!AK7 -> Remote | H7: ='DR Threshold Analysis'!AM7 -> Remote
B8: 4-006 | C8: Charlottetown | D8: 95350 | E8: ='DR Threshold Analysis'!D8 -> 104131.96 | F8: ='DR Threshold Analysis'!AI8 -> Metro/Urban | G8: ='DR Threshold Analysis'!AK8 -> Metro/Urban | H8: ='DR Threshold Analysis'!AM8 -> Metro/Urban
B9: 4-007 | C9: Summerside | D9: 47557 | E9: ='DR Threshold Analysis'!D9 -> 50199.03 | F9: ='DR Threshold Analysis'!AI9 -> Rural | G9: ='DR Threshold Analysis'!AK9 -> Rural | H9: ='DR Threshold Analysis'!AM9 -> Rural
B10: 4-008 | C10: Yarmouth | D10: 55609 | E10: ='DR Threshold Analysis'!D10 -> 55558.51 | F10: ='DR Threshold Analysis'!AI10 -> Rural | G10: ='DR Threshold Analysis'!AK10 -> Rural | H10: ='DR Threshold Analysis'!AM10 -> Rural
B11: 4-009 | C11: Bridgewater/Kentville | D11: 139289 | E11: ='DR Threshold Analysis'!D11 -> 143860.3 | F11: ='DR Threshold Analysis'!AI11 -> Rural | G11: ='DR Threshold Analysis'!AK11 -> Rural | H11: ='DR Threshold Analysis'!AM11 -> Rural
B12: 4-010 | C12: Halifax | D12: 435820 | E12: ='DR Threshold Analysis'!D12 -> 474931.84 | F12: ='DR Threshold Analysis'!AI12 -> Metro/Urban | G12: ='DR Threshold Analysis'!AK12 -> Metro/Urban | H12: ='DR Threshold Analysis'!AM12 -> Metro/Urban
B13: 4-011 | C13: Truro | D13: 56649 | E13: ='DR Threshold Analysis'!D13 -> 57465.43 | F13: ='DR Threshold Analysis'!AI13 -> Rural | G13: ='DR Threshold Analysis'!AK13 -> Rural | H13: ='DR Threshold Analysis'!AM13 -> Rural
B14: 4-012 | C14: Amherst | D14: 33373 | E14: ='DR Threshold Analysis'!D14 -> 34197.59 | F14: ='DR Threshold Analysis'!AI14 -> Rural | G14: ='DR Threshold Analysis'!AK14 -> Rural | H14: ='DR Threshold Analysis'!AM14 -> Rural
... B18: 4-016 | C18: St. Stephen | D18: 25087 | E18: ='DR Threshold Analysis'!D18 -> 25641.85 | F18: ='DR Threshold Analysis'!AI18 -> Rural | G18: ='DR Threshold Analysis'!AK18 -> Rural | H18: ='DR Threshold Analysis'!AM18 -> Rural
B19: 4-017 | C19: Fredericton | D19: 164871 | E19: ='DR Threshold Analysis'!D19 -> 171650.38 | F19: ='DR Threshold Analysis'!AI19 -> Metro/Urban | G19: ='DR Threshold Analysis'!AK19 -> Metro/Urban | H19: ='DR Threshold Analysis'!AM19 -> Mix | L19: 8328.868 | M19: 10.818254 | P19: 100% Urban + 10% Rural
B20: 4-018 | C20: Moncton | D20: 178500 | E20: ='DR Threshold Analysis'!D20 -> 194002.2 | F20: ='DR Threshold Analysis'!AI20 -> Metro/Urban | G20: ='DR Threshold Analysis'!AK20 -> Metro/Urban | H20: ='DR Threshold Analysis'!AM20 -> Metro/Urban
B21: 4-019 | C21: Miramichi/Bathurst | D21: 156025 | E21: ='DR Threshold Analysis'!D21 -> 157384.33 | F21: ='DR Threshold Analysis'!AI21 -> Rural | G21: ='DR Threshold Analysis'!AK21 -> Rural | H21: ='DR Threshold Analysis'!AM21 -> Rural
B22: 4-020 | C22: Grand Falls | D22: 24936 | E22: ='DR Threshold Analysis'!D22 -> 24315.39 | F22: ='DR Threshold Analysis'!AI22 -> Rural | G22: ='DR Threshold Analysis'!AK22 -> Rural | H22: ='DR Threshold Analysis'!AM22 -> Rural
B23: 4-021 | C23: Edmundston | D23: 26504 | E23: ='DR Threshold Analysis'!D23 -> 26685.66 | F23: ='DR Threshold Analysis'!AI23 -> Rural | G23: ='DR Threshold Analysis'!AK23 -> Rural | H23: ='DR Threshold Analysis'!AM23 -> Rural
B24: 4-022 | C24: Campbellton | D24: 26776 | E24: ='DR Threshold Analysis'!D24 -> 26052.67 | F24: ='DR Threshold Analysis'!AI24 -> Rural | G24: ='DR Threshold Analysis'!AK24 -> Rural | H24: ='DR Threshold Analysis'!AM24 -> Rural
B25: 4-023 | C25: Matane | D25: 112039 | E25: ='DR Threshold Analysis'!D25 -> 111242.45 | F25: ='DR Threshold Analysis'!AI25 -> Rural | G25: ='DR Threshold Analysis'!AK25 -> Rural | H25: ='DR Threshold Analysis'!AM25 -> Rural
B26: 4-024 | C26: Mont-Joli | D26: 37788 | E26: ='DR Threshold Analysis'!D26 -> 37612.68 | F26: ='DR Threshold Analysis'!AI26 -> Rural | G26: ='DR Threshold Analysis'!AK26 -> Rural | H26: ='DR Threshold Analysis'!AM26 -> Rural
B27: 4-025 | C27: Rimouski | D27: 56619 | E27: ='DR Threshold Analysis'!D27 -> 57190.86 | F27: ='DR Threshold Analysis'!AI27 -> Metro/Urban | G27: ='DR Threshold Analysis'!AK27 -> Metro/Urban | H27: ='DR Threshold Analysis'!AM27 -> Metro/Urban
B28: 4-026 | C28: Rivière-du-Loup | D28: 82869 | E28: ='DR Threshold Analysis'!D28 -> 84581.63 | F28: ='DR Threshold Analysis'!AI28 -> Rural | G28: ='DR Threshold Analysis'!AK28 -> Rural | H28: ='DR Threshold Analysis'!AM28 -> Rural
B29: 4-027 | C29: La Malbaie | D29: 28193 | E29: ='DR Threshold Analysis'!D29 -> 28507.84 | F29: ='DR Threshold Analysis'!AI29 -> Rural | G29: ='DR Threshold Analysis'!AK29 -> Rural | H29: ='DR Threshold Analysis'!AM29 -> Rural
B30: 4-028 | C30: Chicoutimi-Jonquière | D30: 218377 | E30: ='DR Threshold Analysis'!D30 -> 218307.6 | F30: ='DR Threshold Analysis'!AI30 -> Metro/Urban | G30: ='DR Threshold Analysis'!AK30 -> Metro/Urban | H30: ='DR Threshold Analysis'!AM30 -> Mix | L30: 26066.95 | M30: 28.470041 | P30: 100% Urban + 28% Rural
B31: 4-029 | C31: Montmagny | D31: 56808 | E31: ='DR Threshold Analysis'!D31 -> 56207.2 | F31: ='DR Threshold Analysis'!AI31 -> Rural | G31: ='DR Threshold Analysis'!AK31 -> Rural | H31: ='DR Threshold Analysis'!AM31 -> Rural
B32: 4-030 | C32: Québec | D32: 904330 | E32: ='DR Threshold Analysis'!D32 -> 942192.61 | F32: ='DR Threshold Analysis'!AI32 -> Metro/Urban | G32: ='DR Threshold Analysis'!AK32 -> Metro/Urban | H32: ='DR Threshold Analysis'!AM32 -> Metro/Urban
B33: 4-031 | C33: Sainte-Marie | D33: 53258 | E33: ='DR Threshold Analysis'!D33 -> 54962.76 | F33: ='DR Threshold Analysis'!AI33 -> Rural | G33: ='DR Threshold Analysis'!AK33 -> Rural | H33: ='DR Threshold Analysis'!AM33 -> Rural
B34: 4-032 | C34: Saint-Georges | D34: 71425 | E34: ='DR Threshold Analysis'!D34 -> 72535.13 | F34: ='DR Threshold Analysis'!AI34 -> Rural | G34: ='DR Threshold Analysis'!AK34 -> Rural | H34: ='DR Threshold Analysis'!AM34 -> Rural
B35: 4-033 | C35: Lac-Mégantic | D35: 24223 | E35: ='DR Threshold Analysis'!D35 -> 24584.22 | F35: ='DR Threshold Analysis'!AI35 -> Rural | G35: ='DR Threshold Analysis'!AK35 -> Rural | H35: ='DR Threshold Analysis'!AM35 -> Rural
B36: 4-034 | C36: Thetford Mines | D36: 42019 | E36: ='DR Threshold Analysis'!D36 -> 43000.79 | F36: ='DR Threshold Analysis'!AI36 -> Rural | G36: ='DR Threshold Analysis'!AK36 -> Rural | H36: ='DR Threshold Analysis'!AM36 -> Rural
B37: 4-035 | C37: Plessisville | D37: 22772 | E37: ='DR Threshold Analysis'!D37 -> 23054.36 | F37: ='DR Threshold Analysis'!AI37 -> Metro/Urban | G37: ='DR Threshold Analysis'!AK37 -> Metro/Urban | H37: ='DR Threshold Analysis'!AM37 -> Metro/Urban
B38: 4-036 | C38: La Tuque | D38: 16219 | E38: ='DR Threshold Analysis'!D38 -> 16376.01 | F38: ='DR Threshold Analysis'!AI38 -> Rural | G38: ='DR Threshold Analysis'!AK38 -> Rural | H38: ='DR Threshold Analysis'!AM38 -> Rural
B39: 4-037 | C39: Trois-Rivières | D39: 265152 | E39: ='DR Threshold Analysis'!D39 -> 272644.1 | F39: ='DR Threshold Analysis'!AI39 -> Metro/Urban | G39: ='DR Threshold Analysis'!AK39 -> Metro/Urban | H39: ='DR Threshold Analysis'!AM39 -> Metro/Urban
B40: 4-038 | C40: Louiseville | D40: 21708 | E40: ='DR Threshold Analysis'!D40 -> 22170.19 | F40: ='DR Threshold Analysis'!AI40 -> Rural | G40: ='DR Threshold Analysis'!AK40 -> Rural | H40: ='DR Threshold Analysis'!AM40 -> Rural
B41: 4-039 | C41: Asbestos | D41: 29744 | E41: ='DR Threshold Analysis'!D41 -> 30262.42 | F41: ='DR Threshold Analysis'!AI41 -> Rural | G41: ='DR Threshold Analysis'!AK41 -> Rural | H41: ='DR Threshold Analysis'!AM41 -> Rural
B42: 4-040 | C42: Victoriaville | D42: 56684 | E42: ='DR Threshold Analysis'!D42 -> 58676.4 | F42: ='DR Threshold Analysis'!AI42 -> Metro/Urban | G42: ='DR Threshold Analysis'!AK42 -> Metro/Urban | H42: ='DR Threshold Analysis'!AM42 -> Metro/Urban
B43: 4-041 | C43: Coaticook | D43: 12981 | E43: ='DR Threshold Analysis'!D43 -> 13002.8 | F43: ='DR Threshold Analysis'!AI43 -> Rural | G43: ='DR Threshold Analysis'!AK43 -> Rural | H43: ='DR Threshold Analysis'!AM43 -> Rural
B44: 4-042 | C44: Sherbrooke | D44: 250227 | E44: ='DR Threshold Analysis'!D44 -> 268189.02 | F44: ='DR Threshold Analysis'!AI44 -> Metro/Urban | G44: ='DR Threshold Analysis'!AK44 -> Metro/Urban | H44: ='DR Threshold Analysis'!AM44 -> Mix | L44: 3895.324 | M44: 4.6179375 | P44: 100% Urban + 5% Rural
B45: 4-043 | C45: Windsor | D45: 16777 | E45: ='DR Threshold Analysis'!D45 -> 16970.95 | F45: ='DR Threshold Analysis'!AI45 -> Rural | G45: ='DR Threshold Analysis'!AK45 -> Rural | H45: ='DR Threshold Analysis'!AM45 -> Rural
B46: 4-044 | C46: Drummondville | D46: 112390 | E46: ='DR Threshold Analysis'!D46 -> 117000.22 | F46: ='DR Threshold Analysis'!AI46 -> Metro/Urban | G46: ='DR Threshold Analysis'!AK46 -> Metro/Urban | H46: ='DR Threshold Analysis'!AM46 -> Metro/Urban
B47: 4-045 | C47: Cowansville | D47: 29083 | E47: ='DR Threshold Analysis'!D47 -> 31701.12 | F47: ='DR Threshold Analysis'!AI47 -> Rural | G47: ='DR Threshold Analysis'!AK47 -> Rural | H47: ='DR Threshold Analysis'!AM47 -> Rural
B48: 4-046 | C48: Farnham | D48: 29593 | E48: ='DR Threshold Analysis'!D48 -> 31715.16 | F48: ='DR Threshold Analysis'!AI48 -> Rural | G48: ='DR Threshold Analysis'!AK48 -> Rural | H48: ='DR Threshold Analysis'!AM48 -> Rural
B49: 4-047 | C49: Granby | D49: 105440 | E49: ='DR Threshold Analysis'!D49 -> 112254.74 | F49: ='DR Threshold Analysis'!AI49 -> Metro/Urban | G49: ='DR Threshold Analysis'!AK49 -> Metro/Urban | H49: ='DR Threshold Analysis'!AM49 -> Metro/Urban
B50: 4-048 | C50: St-Hyacinthe | D50: 92092 | E50: ='DR Threshold Analysis'!D50 -> 94580.55 | F50: ='DR Threshold Analysis'!AI50 -> Metro/Urban | G50: ='DR Threshold Analysis'!AK50 -> Metro/Urban | H50: ='DR Threshold Analysis'!AM50 -> Metro/Urban
B51: 4-049 | C51: Sorel | D51: 58740 | E51: ='DR Threshold Analysis'!D51 -> 60433.39 | F51: ='DR Threshold Analysis'!AI51 -> Metro/Urban | G51: ='DR Threshold Analysis'!AK51 -> Metro/Urban | H51: ='DR Threshold Analysis'!AM51 -> Metro/Urban
B52: 4-050 | C52: Joliette | D52: 161106 | E52: ='DR Threshold Analysis'!D52 -> 172774.17 | F52: ='DR Threshold Analysis'!AI52 -> Metro/Urban | G52: ='DR Threshold Analysis'!AK52 -> Metro/Urban | H52: ='DR Threshold Analysis'!AM52 -> Metro/Urban
B53: 4-051 | C53: Montréal | D53: 4352037 | E53: ='DR Threshold Analysis'!D53 -> 4556508.2 | F53: ='DR Threshold Analysis'!AI53 -> Metro/Urban | G53: ='DR Threshold Analysis'!AK53 -> Metro/Urban | H53: ='DR Threshold Analysis'!AM53 -> Metro/Urban
B54: 4-052 | C54: Sainte-Agathe-des-Monts | D54: 77087 | E54: ='DR Threshold Analysis'!D54 -> 86008.84 | F54: ='DR Threshold Analysis'!AI54 -> Rural | G54: ='DR Threshold Analysis'!AK54 -> Rural | H54: ='DR Threshold Analysis'!AM54 -> Rural
B55: 4-053 | C55: Hawkesbury | D55: 64131 | E55: ='DR Threshold Analysis'!D55 -> 64928.78 | F55: ='DR Threshold Analysis'!AI55 -> Rural | G55: ='DR Threshold Analysis'!AK55 -> Rural | H55: ='DR Threshold Analysis'!AM55 -> Rural
B56: 4-054 | C56: Mont-Laurier/Maniwaki | D56: 48488 | E56: ='DR Threshold Analysis'!D56 -> 49819.24 | F56: ='DR Threshold Analysis'!AI56 -> Rural | G56: ='DR Threshold Analysis'!AK56 -> Rural | H56: ='DR Threshold Analysis'!AM56 -> Rural
... B75: 4-073 | C75: Cobourg | D75: 65180 | E75: ='DR Threshold Analysis'!D75 -> 67884.9 | F75: ='DR Threshold Analysis'!AI75 -> Rural | G75: ='DR Threshold Analysis'!AK75 -> Rural | H75: ='DR Threshold Analysis'!AM75 -> Rural
B76: 4-074 | C76: Peterborough | D76: 165516 | E76: ='DR Threshold Analysis'!D76 -> 176232.37 | F76: ='DR Threshold Analysis'!AI76 -> Metro/Urban | G76: ='DR Threshold Analysis'!AK76 -> Metro/Urban | H76: ='DR Threshold Analysis'!AM76 -> Mix | L76: 4020.252 | M76: 5.3953555 | P76: 100% Urban + 5% Rural
B77: 4-075 | C77: Lindsay | D77: 45902 | E77: ='DR Threshold Analysis'!D77 -> 48179.45 | F77: ='DR Threshold Analysis'!AI77 -> Rural | G77: ='DR Threshold Analysis'!AK77 -> Rural | H77: ='DR Threshold Analysis'!AM77 -> Rural
B78: 4-076 | C78: Minden | D78: 20813 | E78: ='DR Threshold Analysis'!D78 -> 23430.01 | F78: ='DR Threshold Analysis'!AI78 -> Rural | G78: ='DR Threshold Analysis'!AK78 -> Rural | H78: ='DR Threshold Analysis'!AM78 -> Rural
B79: 4-077 | C79: Toronto | D79: 7030750 | E79: ='DR Threshold Analysis'!D79 -> 7363382.1 | F79: ='DR Threshold Analysis'!AI79 -> Metro/Urban | G79: ='DR Threshold Analysis'!AK79 -> Metro/Urban | H79: ='DR Threshold Analysis'!AM79 -> Metro/Urban
B80: 4-078 | C80: Alliston | D80: 129279 | E80: ='DR Threshold Analysis'!D80 -> 152100.65 | F80: ='DR Threshold Analysis'!AI80 -> Metro/Urban | G80: Mix | H80: Mix | J80: 21585.687 | K80: 17.920705 | L80: 44400.785 | M80: 36.86208 | O80: 100% Urban + 18% Rural | P80: 100% Urban + 37% Rural
B81: 4-079 | C81: Guelph/Kitchener | D81: 707534 | E81: ='DR Threshold Analysis'!D81 -> 773843.52 | F81: ='DR Threshold Analysis'!AI81 -> Metro/Urban | G81: ='DR Threshold Analysis'!AK81 -> Metro/Urban | H81: ='DR Threshold Analysis'!AM81 -> Metro/Urban
B82: 4-080 | C82: Fergus | D82: 30010 | E82: ='DR Threshold Analysis'!D82 -> 32948.66 | F82: ='DR Threshold Analysis'!AI82 -> Rural | G82: ='DR Threshold Analysis'!AK82 -> Rural | H82: ='DR Threshold Analysis'!AM82 -> Rural
B83: 4-081 | C83: Kincardine | D83: 185818 | E83: ='DR Threshold Analysis'!D83 -> 198801.61 | F83: ='DR Threshold Analysis'!AI83 -> Rural | G83: ='DR Threshold Analysis'!AK83 -> Rural | H83: ='DR Threshold Analysis'!AM83 -> Rural
B84: 4-082 | C84: Listowel/Goderich | D84: 84257 | E84: ='DR Threshold Analysis'!D84 -> 89385.27 | F84: ='DR Threshold Analysis'!AI84 -> Rural | G84: ='DR Threshold Analysis'!AK84 -> Rural | H84: ='DR Threshold Analysis'!AM84 -> Rural
B85: 4-083 | C85: Fort Erie | D85: 31072 | E85: ='DR Threshold Analysis'!D85 -> 33647.38 | F85: ='DR Threshold Analysis'!AI85 -> Rural | G85: ='DR Threshold Analysis'!AK85 -> Rural | H85: ='DR Threshold Analysis'!AM85 -> Rural
B86: 4-084 | C86: Niagara/St. Catharines | D86: 349283 | E86: ='DR Threshold Analysis'!D86 -> 372251.19 | F86: ='DR Threshold Analysis'!AI86 -> Metro/Urban | G86: ='DR Threshold Analysis'!AK86 -> Metro/Urban | H86: ='DR Threshold Analysis'!AM86 -> Metro/Urban
B87: 4-085 | C87: Haldimand/Dunnville | D87: 37398 | E87: ='DR Threshold Analysis'!D87 -> 40642.8 | F87: ='DR Threshold Analysis'!AI87 -> Rural | G87: ='DR Threshold Analysis'!AK87 -> Rural | H87: ='DR Threshold Analysis'!AM87 -> Rural
B88: 4-086 | C88: London/Woodstock/St. Thomas | D88: 678149 | E88: ='DR Threshold Analysis'!D88 -> 738854.72 | F88: ='DR Threshold Analysis'!AI88 -> Metro/Urban | G88: ='DR Threshold Analysis'!AK88 -> Metro/Urban | H88: ='DR Threshold Analysis'!AM88 -> Metro/Urban
B89: 4-087 | C89: Brantford | D89: 138535 | E89: ='DR Threshold Analysis'!D89 -> 148371.99 | F89: ='DR Threshold Analysis'!AI89 -> Metro/Urban | G89: ='DR Threshold Analysis'!AK89 -> Metro/Urban | H89: ='DR Threshold Analysis'!AM89 -> Metro/Urban
B90: 4-088 | C90: Stratford | D90: 51339 | E90: ='DR Threshold Analysis'!D90 -> 53654.17 | F90: ='DR Threshold Analysis'!AI90 -> Metro/Urban | G90: ='DR Threshold Analysis'!AK90 -> Metro/Urban | H90: ='DR Threshold Analysis'!AM90 -> Metro/Urban
B91: 4-089 | C91: Chatham | D91: 68885 | E91: ='DR Threshold Analysis'!D91 -> 70303.29 | F91: ='DR Threshold Analysis'!AI91 -> Metro/Urban | G91: ='DR Threshold Analysis'!AK91 -> Metro/Urban | H91: ='DR Threshold Analysis'!AM91 -> Mix | L91: 7174.623 | M91: 25.38287 | P91: 100% Urban + 25% Rural
B92: 4-090 | C92: Windsor/Leamington | D92: 401719 | E92: ='DR Threshold Analysis'!D92 -> 425810.51 | F92: ='DR Threshold Analysis'!AI92 -> Metro/Urban | G92: ='DR Threshold Analysis'!AK92 -> Metro/Urban | H92: ='DR Threshold Analysis'!AM92 -> Metro/Urban
B93: 4-091 | C93: Wallaceburg | D93: 30983 | E93: ='DR Threshold Analysis'!D93 -> 30045.71 | F93: ='DR Threshold Analysis'!AI93 -> Metro/Urban | G93: Mix | H93: Mix | J93: 748.683 | K93: 3.437372 | L93: 3753.254 | M93: 17.232033 | O93: 100% Urban + 3% Rural | P93: 100% Urban + 17% Rural
B94: 4-092 | C94: Sarnia | D94: 123953 | E94: ='DR Threshold Analysis'!D94 -> 126775.04 | F94: ='DR Threshold Analysis'!AI94 -> Metro/Urban | G94: ='DR Threshold Analysis'!AK94 -> Metro/Urban | H94: ='DR Threshold Analysis'!AM94 -> Mix | L94: 10141.938 | M94: 21.052525
B95: 4-093 | C95: Strathroy | D95: 46727 | E95: ='DR Threshold Analysis'!D95 -> 51527.21 | F95: ='DR Threshold Analysis'!AI95 -> Metro/Urban | G95: Mix | H95: Mix | J95: 6702.904 | K95: 17.81776 | L95: 17008.346 | M95: 45.21184 | O95: 100% Urban + 17% Rural | P95: 100% Urban+ 45% Rural
B96: 4-094 | C96: Barrie | D96: 352290 | E96: ='DR Threshold Analysis'!D96 -> 382704.14 | F96: ='DR Threshold Analysis'!AI96 -> Metro/Urban | G96: ='DR Threshold Analysis'!AK96 -> Metro/Urban | H96: ='DR Threshold Analysis'!AM96 -> Metro/Urban
B97: 4-095 | C97: Midland | D97: 49059 | E97: ='DR Threshold Analysis'!D97 -> 53462.42 | F97: ='DR Threshold Analysis'!AI97 -> Rural | G97: ='DR Threshold Analysis'!AK97 -> Rural | H97: ='DR Threshold Analysis'!AM97 -> Rural
B98: 4-096 | C98: Gravenhurst/Bracebridge | D98: 61892 | E98: ='DR Threshold Analysis'!D98 -> 68225.97 | F98: ='DR Threshold Analysis'!AI98 -> Rural | G98: ='DR Threshold Analysis'!AK98 -> Rural | H98: ='DR Threshold Analysis'!AM98 -> Rural
B99: 4-097 | C99: North Bay | D99: 104524 | E99: ='DR Threshold Analysis'!D99 -> 106921.08 | F99: ='DR Threshold Analysis'!AI99 -> Metro/Urban | G99: ='DR Threshold Analysis'!AK99 -> Metro/Urban | H99: ='DR Threshold Analysis'!AM99 -> Mix | L99: 6271.458 | M99: 12.788483 | P99: 100% Urban + 13% Rural
B100: 4-098 | C100: Parry Sound | D100: 21123 | E100: ='DR Threshold Analysis'!D100 -> 24090.27 | F100: ='DR Threshold Analysis'!AI100 -> Rural | G100: ='DR Threshold Analysis'!AK100 -> Rural | H100: ='DR Threshold Analysis'!AM100 -> Rural
B101: 4-099 | C101: Elliot Lake | D101: 29520 | E101: ='DR Threshold Analysis'!D101 -> 30827.11 | F101: ='DR Threshold Analysis'!AI101 -> Rural | G101: ='DR Threshold Analysis'!AK101 -> Rural | H101: ='DR Threshold Analysis'!AM101 -> Rural
B102: 4-100 | C102: Sudbury | D102: 178872 | E102: ='DR Threshold Analysis'!D102 -> 184029.85 | F102: ='DR Threshold Analysis'!AI102 -> Metro/Urban | G102: ='DR Threshold Analysis'!AK102 -> Metro/Urban | H102: ='DR Threshold Analysis'!AM102 -> Mix | L102: 1091.27 | M102: 1.4608074 | P102: 100% Urban + 1% Rural
B103: 4-101 | C103: Kirkland Lake | D103: 32402 | E103: ='DR Threshold Analysis'!D103 -> 31578.54 | F103: ='DR Threshold Analysis'!AI103 -> Rural | G103: ='DR Threshold Analysis'!AK103 -> Rural | H103: ='DR Threshold Analysis'!AM103 -> Rural
B104: 4-102 | C104: Timmins | D104: 42086 | E104: ='DR Threshold Analysis'!D104 -> 41452.03 | F104: ='DR Threshold Analysis'!AI104 -> Rural | G104: ='DR Threshold Analysis'!AK104 -> Rural | H104: ='DR Threshold Analysis'!AM104 -> Rural
B105: 4-103 | C105: Kapuskasing | D105: 38024 | E105: ='DR Threshold Analysis'!D105 -> 36787.87 | F105: ='DR Threshold Analysis'!AI105 -> Rural | G105: ='DR Threshold Analysis'!AK105 -> Rural | H105: ='DR Threshold Analysis'!AM105 -> Rural
B106: 4-104 | C106: Kenora/Sioux Lookout | D106: 64826 | E106: ='DR Threshold Analysis'!D106 -> 65316.07 | F106: ='DR Threshold Analysis'!AI106 -> Remote | G106: ='DR Threshold Analysis'!AK106 -> Remote | H106: ='DR Threshold Analysis'!AM106 -> Remote
B107: 4-105 | C107: Iron Bridge | D107: 20162 | E107: ='DR Threshold Analysis'!D107 -> 20354.89 | F107: ='DR Threshold Analysis'!AI107 -> Rural | G107: ='DR Threshold Analysis'!AK107 -> Rural | H107: ='DR Threshold Analysis'!AM107 -> Rural
B108: 4-106 | C108: Sault Ste. Marie | D108: 80833 | E108: ='DR Threshold Analysis'!D108 -> 79750.84 | F108: ='DR Threshold Analysis'!AI108 -> Metro/Urban | G108: ='DR Threshold Analysis'!AK108 -> Metro/Urban | H108: ='DR Threshold Analysis'!AM108 -> Metro/Urban
B109: 4-107 | C109: Marathon | D109: 24923 | E109: ='DR Threshold Analysis'!D109 -> 24254.55 | F109: ='DR Threshold Analysis'!AI109 -> Remote | G109: ='DR Threshold Analysis'!AK109 -> Remote | H109: ='DR Threshold Analysis'!AM109 -> Remote
B110: 4-108 | C110: Thunder Bay | D110: 121061 | E110: ='DR Threshold Analysis'!D110 -> 122671.43 | F110: ='DR Threshold Analysis'!AI110 -> Metro/Urban | G110: ='DR Threshold Analysis'!AK110 -> Metro/Urban | H110: ='DR Threshold Analysis'!AM110 -> Metro/Urban
B111: 4-109 | C111: Fort Frances | D111: 20095 | E111: ='DR Threshold Analysis'!D111 -> 19388.44 | F111: ='DR Threshold Analysis'!AI111 -> Rural | G111: ='DR Threshold Analysis'!AK111 -> Rural | H111: ='DR Threshold Analysis'!AM111 -> Rural
B112: 4-110 | C112: Steinbach | D112: 64764 | E112: ='DR Threshold Analysis'!D112 -> 71270.22 | F112: ='DR Threshold Analysis'!AI112 -> Rural | G112: ='DR Threshold Analysis'!AK112 -> Rural | H112: ='DR Threshold Analysis'!AM112 -> Rural
B113: 4-111 | C113: Winnipeg | D113: 830151 | E113: ='DR Threshold Analysis'!D113 -> 883049.26 | F113: ='DR Threshold Analysis'!AI113 -> Metro/Urban | G113: ='DR Threshold Analysis'!AK113 -> Metro/Urban | H113: ='DR Threshold Analysis'!AM113 -> Metro/Urban
B114: 4-112 | C114: Lac du Bonnet | D114: 58076 | E114: ='DR Threshold Analysis'!D114 -> 61460.91 | F114: ='DR Threshold Analysis'!AI114 -> Rural | G114: ='DR Threshold Analysis'!AK114 -> Rural | H114: ='DR Threshold Analysis'!AM114 -> Rural
B115: 4-113 | C115: Morden/Winkler | D115: 51609 | E115: ='DR Threshold Analysis'!D115 -> 53905.29 | F115: ='DR Threshold Analysis'!AI115 -> Rural | G115: ='DR Threshold Analysis'!AK115 -> Rural | H115: ='DR Threshold Analysis'!AM115 -> Rural
B116: 4-114 | C116: Brandon | D116: 103743 | E116: ='DR Threshold Analysis'!D116 -> 107096.55 | F116: ='DR Threshold Analysis'!AI116 -> Metro/Urban | G116: ='DR Threshold Analysis'!AK116 -> Metro/Urban | H116: ='DR Threshold Analysis'!AM116 -> Mix | L116: 11620.95 | M116: 21.338674 | P116: 100% Urban + 21% Rural
B117: 4-115 | C117: Portage la Prairie | D117: 21273 | E117: ='DR Threshold Analysis'!D117 -> 21348.73 | F117: ='DR Threshold Analysis'!AI117 -> Rural | G117: ='DR Threshold Analysis'!AK117 -> Rural | H117: ='DR Threshold Analysis'!AM117 -> Rural
B118: 4-116 | C118: Dauphin | D118: 75508 | E118: ='DR Threshold Analysis'!D118 -> 75151.13 | F118: ='DR Threshold Analysis'!AI118 -> Rural | G118: ='DR Threshold Analysis'!AK118 -> Rural | H118: ='DR Threshold Analysis'!AM118 -> Rural
B119: 4-117 | C119: Creighton/Flin Flon | D119: 22228 | E119: ='DR Threshold Analysis'!D119 -> 22058.07 | F119: ='DR Threshold Analysis'!AI119 -> Rural | G119: ='DR Threshold Analysis'!AK119 -> Rural | H119: ='DR Threshold Analysis'!AM119 -> Rural
B120: 4-118 | C120: Thompson | D120: 50665 | E120: ='DR Threshold Analysis'!D120 -> 46907.02 | F120: ='DR Threshold Analysis'!AI120 -> Remote | G120: ='DR Threshold Analysis'!AK120 -> Remote | H120: ='DR Threshold Analysis'!AM120 -> Remote
B121: 4-119 | C121: Estevan | D121: 46006 | E121: ='DR Threshold Analysis'!D121 -> 44532.35 | F121: ='DR Threshold Analysis'!AI121 -> Rural | G121: ='DR Threshold Analysis'!AK121 -> Rural | H121: ='DR Threshold Analysis'!AM121 -> Rural
B122: 4-120 | C122: Weyburn | D122: 22877 | E122: ='DR Threshold Analysis'!D122 -> 22547.14 | F122: ='DR Threshold Analysis'!AI122 -> Rural | G122: ='DR Threshold Analysis'!AK122 -> Rural | H122: ='DR Threshold Analysis'!AM122 -> Rural
...

Sheet 3800 DRs
B1: Tier Number | C1: Tier Name | D1: Population | E1: 5 year or 7 year Requirement | F1: 5 year DR | G1: 10 year DR | H1: 20 year DR
B2: 4-001 | C2: St. John's | D2: 255 012 | E2: 5 | F2: 0.3 | G2: 0.5 | H2: 0.7
B3: 4-010 | C3: Halifax | D3: 435 820 | E3: 5 | F3: 0.3 | G3: 0.5 | H3: 0.7
B4: 4-018 | C4: Moncton | D4: 178 500 | E4: 5 | F4: 0.25 | G4: 0.4 | H4: 0.6
B5: 4-028 | C5: Chicoutimi-Jonquière | D5: 218 377 | E5: 5 | F5: 0.3 | G5: 0.5 | H5: 0.7
B6: 4-030 | C6: Québec | D6: 904 330 | E6: 5 | F6: 0.3 | G6: 0.5 | H6: 0.7
B7: 4-037 | C7: Trois-Rivières | D7: 265 152 | E7: 5 | F7: 0.3 | G7: 0.5 | H7: 0.7
B8: 4-042 | C8: Sherbrooke | D8: 250 227 | E8: 5 | F8: 0.3 | G8: 0.5 | H8: 0.7
B9: 4-051 | C9: Montréal | D9: 4 352 037 | E9: 5 | F9: 0.3 | G9: 0.5 | H9: 0.7
B10: 4-055 | C10: Ottawa | D10: 1 452 852 | E10: 5 | F10: 0.3 | G10: 0.5 | H10: 0.7
B11: 4-070 | C11: Kingston | D11: 177 314 | E11: 5 | F11: 0.3 | G11: 0.5 | H11: 0.7
B12: 4-077 | C12: Toronto | D12: 7 030 750 | E12: 5 | F12: 0.3 | G12: 0.5 | H12: 0.7
B13: 4-079 | C13: Guelph/Kitchener | D13: 707 534 | E13: 5 | F13: 0.3 | G13: 0.5 | H13: 0.7
... B173: 4-172 | C173: Northwest Territories | D173: 41 668 | E173: 7 | F173: 0.2 | G173: 0.35 | H173: 0.5

Sheet DR Threshold Analysis
A1: Tier Number | B1: Tier Name | C1: Population (2016) | D1: Population (2021) | E1: 5 year or 7 year DR | F1: 5 year DR | G1: 10 year DR | H1: 20 year DR | J1: Tier 5 Population Dynamics | O1: Census Difference (Total) | P1: Census Difference (& of 2016 Pop) | R1: Population (2021) | S1: 5 year DR (#) | T1: 10 year DR (#) | U1: 20 year DR (#) | W1: DR met by Metro/Urban | X1: DR met by Rural | Y1: DR met by Remote | AA1: DR met by Metro/Urban | AB1: DR met by Rural | AC1: DR met by Remote | AE1: DR met by Metro/Urban | AF1: DR met by Rural | AG1: DR met by Remote | AI1: 5 yr Met By | AK1: 10 yr Met By | AM1: 20 yr Met By | AO1: Status Change (needs special weight | AP1: Rural Remainder (#) for 10 yr | AQ1: Rural Remainder (%) for 10 yr | AR1: Rural Remainder (#) for 20 yr | AS1: Rural Remainder (%) for 20 yr
J2: Metro | K2: Urban | L2: Rural | M2: Remote
A3: 4-001 | B3: St. John's | C3: 255012 | D3: =SUM(J3:M3) -> 257547.97 | E3: 5 | F3: 0.3 | G3: 0.5 | H3: 0.7 | K3: 212650.9 | L3: 44897.07 | O3: =J3+K3+L3+M3-C3 -> 2535.97 | P3: =((M3+L3+K3+J3)-C3)/C3 -> 0.0099445124 | R3: =SUM(J3:M3) -> 257547.97 | S3: =$D3*(F3) -> 77264.391 | T3: =$D3*(G3) -> 128773.99 | U3: =$D3*(H3) -> 180283.58 | W3: =IF((J3+K3)>S3,"Yes","No") -> Yes | AA3: =IF((J3+K3)>T3,"Yes","No") -> Yes | AE3: =IF((J3+K3)>U3,"Yes","No") -> Yes | AI3: Metro/Urban | AK3: Metro/Urban | AM3: Metro/Urban
A4: 4-002 | B4: Placentia | C4: 15304 | D4: =SUM(J4:M4) -> 14303.34 | E4: 7 | F4: 0.1 | G4: 0.2 | H4: 0.3 | L4: 14303.34 | O4: =J4+K4+L4+M4-C4 -> -1000.66 | P4: =((M4+L4+K4+J4)-C4)/C4 -> -0.06538552 | R4: =SUM(J4:M4) -> 14303.34 | S4: =$D4*(F4) -> 1430.334 | T4: =$D4*(G4) -> 2860.668 | U4: =$D4*(H4) -> 4291.002 | W4: =IF((J4+K4)>S4,"Yes","No") -> No | X4: =IF((L4)>S4,"Yes","No") -> Yes | AA4: =IF((J4+K4)>T4,"Yes","No") -> No | AB4: =IF((L4)>T4,"Yes","No") -> Yes | AE4: =IF((J4+K4)>U4,"Yes","No") -> No | AF4: =IF((L4)>U4,"Yes","No") -> Yes | AI4: Rural | AK4: Rural | AM4: Rural
A5: 4-003 | B5: Gander/Grand Falls/Windsor | C5: 144229 | D5: =SUM(J5:M5) -> 137707.5 | E5: 7 | F5: 0.05 | G5: 0.1 | H5: 0.2 | L5: 137707.5 | O5: =J5+K5+L5+M5-C5 -> -6521.5 | P5: =((M5+L5+K5+J5)-C5)/C5 -> -0.045216288 | R5: =SUM(J5:M5) -> 137707.5 | S5: =$D5*(F5) -> 6885.375 | T5: =$D5*(G5) -> 13770.75 | U5: =$D5*(H5) -> 27541.5 | W5: =IF((J5+K5)>S5,"Yes","No") -> No | X5: =IF((L5)>S5,"Yes","No") -> Yes | AA5: =IF((J5+K5)>T5,"Yes","No") -> No | AB5: =IF((L5)>T5,"Yes","No") -> Yes | AE5: =IF((J5+K5)>U5,"Yes","No") -> No | AF5: =IF((L5)>U5,"Yes","No") -> Yes | AI5: Rural | AK5: Rural | AM5: Rural
A6: 4-004 | B6: Corner Brook/Stephenville | C6: 77974 | D6: =SUM(J6:M6) -> 74334.09 | E6: 7 | F6: 0.1 | G6: 0.2 | H6: 0.3 | L6: 74334.09 | O6: =J6+K6+L6+M6-C6 -> -3639.91 | P6: =((M6+L6+K6+J6)-C6)/C6 -> -0.046681073 | R6: =SUM(J6:M6) -> 74334.09 | S6: =$D6*(F6) -> 7433.409 | T6: =$D6*(G6) -> 14866.818 | U6: =$D6*(H6) -> 22300.227 | W6: =IF((J6+K6)>S6,"Yes","No") -> No | X6: =IF((L6)>S6,"Yes","No") -> Yes | AA6: =IF((J6+K6)>T6,"Yes","No") -> No | AB6: =IF((L6)>T6,"Yes","No") -> Yes | AE6: =IF((J6+K6)>U6,"Yes","No") -> No | AF6: =IF((L6)>U6,"Yes","No") -> Yes | AI6: Rural | AK6: Rural | AM6: Rural
A7: 4-005 | B7: Labrador | C7: 27656 | D7: =SUM(J7:M7) -> 26864.59 | E7: 7 | F7: 0.1 | G7: 0.2 | H7: 0.3 | M7: 26864.59 | O7: =J7+K7+L7+M7-C7 -> -791.41 | P7: =((M7+L7+K7+J7)-C7)/C7 -> -0.028616213 | R7: =SUM(J7:M7) -> 26864.59 | S7: =$D7*(F7) -> 2686.459 | T7: =$D7*(G7) -> 5372.918 | U7: =$D7*(H7) -> 8059.377 | W7: =IF((J7+K7)>S7,"Yes","No") -> No | X7: =IF((L7)>S7,"Yes","No") -> No | Y7: Yes | AA7: =IF((J7+K7)>T7,"Yes","No") -> No | AB7: =IF((L7)>T7,"Yes","No") -> No | AC7: =IF((M7)>U7,"Yes","No") -> Yes | AE7: =IF((J7+K7)>U7,"Yes","No") -> No | AF7: =IF((L7)>U7,"Yes","No") -> No | AG7: =IF((M7)>U7,"Yes","No") -> Yes | AI7: Remote | AK7: Remote | AM7: Remote
A8: 4-006 | B8: Charlottetown | C8: 95350 | D8: =SUM(J8:M8) -> 104131.96 | E8: 7 | F8: 0.25 | G8: 0.4 | H8: 0.6 | K8: 64089.92 | L8: 40042.04 | O8: =J8+K8+L8+M8-C8 -> 8781.96 | P8: =((M8+L8+K8+J8)-C8)/C8 -> 0.09210236 | R8: =SUM(J8:M8) -> 104131.96 | S8: =$D8*(F8) -> 26032.99 | T8: =$D8*(G8) -> 41652.784 | U8: =$D8*(H8) -> 62479.176 | W8: =IF((J8+K8)>S8,"Yes","No") -> Yes | AA8: =IF((J8+K8)>T8,"Yes","No") -> Yes | AE8: =IF((J8+K8)>U8,"Yes","No") -> Yes | AI8: Metro/Urban | AK8: Metro/Urban | AM8: Metro/Urban
A9: 4-007 | B9: Summerside | C9: 47557 | D9: =SUM(J9:M9) -> 50199.03 | E9: 7 | F9: 0.15 | G9: 0.3 | H9: 0.4 | L9: 50199.03 | O9: =J9+K9+L9+M9-C9 -> 2642.03 | P9: =((M9+L9+K9+J9)-C9)/C9 -> 0.055555018 | R9: =SUM(J9:M9) -> 50199.03 | S9: =$D9*(F9) -> 7529.8545 | T9: =$D9*(G9) -> 15059.709 | U9: =$D9*(H9) -> 20079.612 | W9: =IF((J9+K9)>S9,"Yes","No") -> No | X9: =IF((L9)>S9,"Yes","No") -> Yes | AA9: =IF((J9+K9)>T9,"Yes","No") -> No | AB9: =IF((L9)>T9,"Yes","No") -> Yes | AE9: =IF((J9+K9)>U9,"Yes","No") -> No | AF9: =IF((L9)>U9,"Yes","No") -> Yes | AI9: Rural | AK9: Rural | AM9: Rural
A10: 4-008 | B10: Yarmouth | C10: 55609 | D10: =SUM(J10:M10) -> 55558.51 | E10: 7 | F10: 0.2 | G10: 0.35 | H10: 0.5 | L10: 55558.51 | O10: =J10+K10+L10+M10-C10 -> -50.49 | P10: =((M10+L10+K10+J10)-C10)/C10 -> -0.00090794656 | R10: =SUM(J10:M10) -> 55558.51 | S10: =$D10*(F10) -> 11111.702 | T10: =$D10*(G10) -> 19445.479 | U10: =$D10*(H10) -> 27779.255 | W10: =IF((J10+K10)>S10,"Yes","No") -> No | X10: =IF((L10)>S10,"Yes","No") -> Yes | AA10: =IF((J10+K10)>T10,"Yes","No") -> No | AB10: =IF((L10)>T10,"Yes","No") -> Yes | AE10: =IF((J10+K10)>U10,"Yes","No") -> No | AF10: =IF((L10)>U10,"Yes","No") -> Yes | AI10: Rural | AK10: Rural | AM10: Rural
A11: 4-009 | B11: Bridgewater/Kentville | C11: 139289 | D11: =SUM(J11:M11) -> 143860.3 | E11: 7 | F11: 0.2 | G11: 0.35 | H11: 0.5 | L11: 143860.3 | O11: =J11+K11+L11+M11-C11 -> 4571.3 | P11: =((M11+L11+K11+J11)-C11)/C11 -> 0.032818816 | R11: =SUM(J11:M11) -> 143860.3 | S11: =$D11*(F11) -> 28772.06 | T11: =$D11*(G11) -> 50351.105 | U11: =$D11*(H11) -> 71930.15 | W11: =IF((J11+K11)>S11,"Yes","No") -> No | X11: =IF((L11)>S11,"Yes","No") -> Yes | AA11: =IF((J11+K11)>T11,"Yes","No") -> No | AB11: =IF((L11)>T11,"Yes","No") -> Yes | AE11: =IF((J11+K11)>U11,"Yes","No") -> No | AF11: =IF((L11)>U11,"Yes","No") -> Yes | AI11: Rural | AK11: Rural | AM11: Rural
A12: 4-010 | B12: Halifax | C12: 435820 | D12: =SUM(J12:M12) -> 474931.84 | E12: 5 | F12: 0.3 | G12: 0.5 | H12: 0.7 | K12: 389899.74 | L12: 85032.1 | O12: =J12+K12+L12+M12-C12 -> 39111.84 | P12: =((M12+L12+K12+J12)-C12)/C12 -> 0.089743105 | R12: =SUM(J12:M12) -> 474931.84 | S12: =$D12*(F12) -> 142479.55 | T12: =$D12*(G12) -> 237465.92 | U12: =$D12*(H12) -> 332452.29 | W12: =IF((J12+K12)>S12,"Yes","No") -> Yes | AA12: =IF((J12+K12)>T12,"Yes","No") -> Yes | AE12: =IF((J12+K12)>U12,"Yes","No") -> Yes | AI12: Metro/Urban | AK12: Metro/Urban | AM12: Metro/Urban
A13: 4-011 | B13: Truro | C13: 56649 | D13: =SUM(J13:M13) -> 57465.43 | E13: 7 | F13: 0.15 | G13: 0.3 | H13: 0.4 | L13: 57465.43 | O13: =J13+K13+L13+M13-C13 -> 816.43 | P13: =((M13+L13+K13+J13)-C13)/C13 -> 0.014412081 | R13: =SUM(J13:M13) -> 57465.43 | S13: =$D13*(F13) -> 8619.8145 | T13: =$D13*(G13) -> 17239.629 | U13: =$D13*(H13) -> 22986.172 | W13: =IF((J13+K13)>S13,"Yes","No") -> No | X13: =IF((L13)>S13,"Yes","No") -> Yes | AA13: =IF((J13+K13)>T13,"Yes","No") -> No | AB13: =IF((L13)>T13,"Yes","No") -> Yes | AE13: =IF((J13+K13)>U13,"Yes","No") -> No | AF13: =IF((L13)>U13,"Yes","No") -> Yes | AI13: Rural | AK13: Rural | AM13: Rural
A14: 4-012 | B14: Amherst | C14: 33373 | D14: =SUM(J14:M14) -> 34197.59 | E14: 7 | F14: 0.1 | G14: 0.2 | H14: 0.3 | L14: 34197.59 | O14: =J14+K14+L14+M14-C14 -> 824.59 | P14: =((M14+L14+K14+J14)-C14)/C14 -> 0.024708297 | R14: =SUM(J14:M14) -> 34197.59 | S14: =$D14*(F14) -> 3419.759 | T14: =$D14*(G14) -> 6839.518 | U14: =$D14*(H14) -> 10259.277 | W14: =IF((J14+K14)>S14,"Yes","No") -> No | X14: =IF((L14)>S14,"Yes","No") -> Yes | AA14: =IF((J14+K14)>T14,"Yes","No") -> No | AB14: =IF((L14)>T14,"Yes","No") -> Yes | AE14: =IF((J14+K14)>U14,"Yes","No") -> No | AF14: =IF((L14)>U14,"Yes","No") -> Yes | AI14: Rural | AK14: Rural | AM14: Rural
A15: 4-013 | B15: Antigonish/New Glasgow | C15: 71445 | D15: =SUM(J15:M15) -> 71983.16 | E15: 7 | F15: 0.15 | G15: 0.3 | H15: 0.4 | L15: 71983.16 | O15: =J15+K15+L15+M15-C15 -> 538.16 | P15: =((M15+L15+K15+J15)-C15)/C15 -> 0.0075325075 | R15: =SUM(J15:M15) -> 71983.16 | S15: =$D15*(F15) -> 10797.474 | T15: =$D15*(G15) -> 21594.948 | U15: =$D15*(H15) -> 28793.264 | W15: =IF((J15+K15)>S15,"Yes","No") -> No | X15: =IF((L15)>S15,"Yes","No") -> Yes | AA15: =IF((J15+K15)>T15,"Yes","No") -> No | AB15: =IF((L15)>T15,"Yes","No") -> Yes | AE15: =IF((J15+K15)>U15,"Yes","No") -> No | AF15: =IF((L15)>U15,"Yes","No") -> Yes | AI15: Rural | AK15: Rural | AM15: Rural
A16: 4-014 | B16: Sydney | C16: 131379 | D16: =SUM(J16:M16) -> 131343.37 | E16: 7 | F16: 0.3 | G16: 0.5 | H16: 0.7 | L16: 131343.37 | O16: =J16+K16+L16+M16-C16 -> -35.63 | P16: =((M16+L16+K16+J16)-C16)/C16 -> -0.00027120012 | R16: =SUM(J16:M16) -> 131343.37 | S16: =$D16*(F16) -> 39403.011 | T16: =$D16*(G16) -> 65671.685 | U16: =$D16*(H16) -> 91940.359 | W16: =IF((J16+K16)>S16,"Yes","No") -> No | X16: =IF((L16)>S16,"Yes","No") -> Yes | AA16: =IF((J16+K16)>T16,"Yes","No") -> No | AB16: =IF((L16)>T16,"Yes","No") -> Yes | AE16: =IF((J16+K16)>U16,"Yes","No") -> No | AF16: =IF((L16)>U16,"Yes","No") -> Yes | AI16: Rural | AK16: Rural | AM16: Rural
A17: 4-015 | B17: Saint John | C17: 142898 | D17: =SUM(J17:M17) -> 147694.56 | E17: 7 | F17: 0.3 | G17: 0.5 | H17: 0.7 | K17: 103766.22 | L17: 43928.34 | O17: =J17+K17+L17+M17-C17 -> 4796.56 | P17: =((M17+L17+K17+J17)-C17)/C17 -> 0.03356632 | R17: =SUM(J17:M17) -> 147694.56 | S17: =$D17*(F17) -> 44308.368 | T17: =$D17*(G17) -> 73847.28 | U17: =$D17*(H17) -> 103386.19 | W17: =IF((J17+K17)>S17,"Yes","No") -> Yes | AA17: =IF((J17+K17)>T17,"Yes","No") -> Yes | AE17: =IF((J17+K17)>U17,"Yes","No") -> Yes | AI17: Metro/Urban | AK17: Metro/Urban | AM17: Metro/Urban
A18: 4-016 | B18: St. Stephen | C18: 25087 | D18: =SUM(J18:M18) -> 25641.85 | E18: 7 | F18: 0.05 | G18: 0.15 | H18: 0.25 | L18: 25641.85 | O18: =J18+K18+L18+M18-C18 -> 554.85 | P18: =((M18+L18+K18+J18)-C18)/C18 -> 0.022117033 | R18: =SUM(J18:M18) -> 25641.85 | S18: =$D18*(F18) -> 1282.0925 | T18: =$D18*(G18) -> 3846.2775 | U18: =$D18*(H18) -> 6410.4625 | W18: =IF((J18+K18)>S18,"Yes","No") -> No | X18: =IF((L18)>S18,"Yes","No") -> Yes | AA18: =IF((J18+K18)>T18,"Yes","No") -> No | AB18: =IF((L18)>T18,"Yes","No") -> Yes | AE18: =IF((J18+K18)>U18,"Yes","No") -> No | AF18: =IF((L18)>U18,"Yes","No") -> Yes | AI18: Rural | AK18: Rural | AM18: Rural
A19: 4-017 | B19: Fredericton | C19: 164871 | D19: =SUM(J19:M19) -> 171650.38 | E19: 7 | F19: 0.25 | G19: 0.4 | H19: 0.6 | K19: 94661.36 | L19: 76989.02 | O19: =J19+K19+L19+M19-C19 -> 6779.38 | P19: =((M19+L19+K19+J19)-C19)/C19 -> 0.041119299 | R19: =SUM(J19:M19) -> 171650.38 | S19: =$D19*(F19) -> 42912.595 | T19: =$D19*(G19) -> 68660.152 | U19: =$D19*(H19) -> 102990.23 | W19: =IF((J19+K19)>S19,"Yes","No") -> Yes | AA19: =IF((J19+K19)>T19,"Yes","No") -> Yes | AE19: =IF((J19+K19)>U19,"Yes","No") -> No | AF19: =IF((L19)>U19,"Yes","No") -> No | AG19: =IF((M19)>U19,"Yes","No") -> No | AI19: Metro/Urban | AK19: Metro/Urban | AM19: Mix | AO19: Yes | AR19: =U19-K19 -> 8328.868 | AS19: =AR19/L19*100 -> 10.818254
A20: 4-018 | B20: Moncton | C20: 178500 | D20: =SUM(J20:M20) -> 194002.2 | E20: 5 | F20: 0.25 | G20: 0.4 | H20: 0.6 | K20: 137631.83 | L20: 56370.37 | O20: =J20+K20+L20+M20-C20 -> 15502.2 | P20: =((M20+L20+K20+J20)-C20)/C20 -> 0.086847059 | R20: =SUM(J20:M20) -> 194002.2 | S20: =$D20*(F20) -> 48500.55 | T20: =$D20*(G20) -> 77600.88 | U20: =$D20*(H20) -> 116401.32 | W20: =IF((J20+K20)>S20,"Yes","No") -> Yes | AA20: =IF((J20+K20)>T20,"Yes","No") -> Yes | AE20: =IF((J20+K20)>U20,"Yes","No") -> Yes | AI20: Metro/Urban | AK20: Metro/Urban | AM20: Metro/Urban
A21: 4-019 | B21: Miramichi/Bathurst | C21: 156025 | D21: =SUM(J21:M21) -> 157384.33 | E21: 7 | F21: 0.15 | G21: 0.3 | H21: 0.4 | L21: 157384.33 | O21: =J21+K21+L21+M21-C21 -> 1359.33 | P21: =((M21+L21+K21+J21)-C21)/C21 -> 0.0087122577 | R21: =SUM(J21:M21) -> 157384.33 | S21: =$D21*(F21) -> 23607.65 | T21: =$D21*(G21) -> 47215.299 | U21: =$D21*(H21) -> 62953.732 | W21: =IF((J21+K21)>S21,"Yes","No") -> No | X21: =IF((L21)>S21,"Yes","No") -> Yes | AA21: =IF((J21+K21)>T21,"Yes","No") -> No | AB21: =IF((L21)>T21,"Yes","No") -> Yes | AE21: =IF((J21+K21)>U21,"Yes","No") -> No | AF21: =IF((L21)>U21,"Yes","No") -> Yes | AI21: Rural | AK21: Rural | AM21: Rural
A22: 4-020 | B22: Grand Falls | C22: 24936 | D22: =SUM(J22:M22) -> 24315.39 | E22: 7 | F22: 0.1 | G22: 0.2 | H22: 0.3 | L22: 24315.39 | O22: =J22+K22+L22+M22-C22 -> -620.61 | P22: =((M22+L22+K22+J22)-C22)/C22 -> -0.024888114 | R22: =SUM(J22:M22) -> 24315.39 | S22: =$D22*(F22) -> 2431.539 | T22: =$D22*(G22) -> 4863.078 | U22: =$D22*(H22) -> 7294.617 | W22: =IF((J22+K22)>S22,"Yes","No") -> No | X22: =IF((L22)>S22,"Yes","No") -> Yes | AA22: =IF((J22+K22)>T22,"Yes","No") -> No | AB22: =IF((L22)>T22,"Yes","No") -> Yes | AE22: =IF((J22+K22)>U22,"Yes","No") -> No | AF22: =IF((L22)>U22,"Yes","No") -> Yes | AI22: Rural | AK22: Rural | AM22: Rural
A23: 4-021 | B23: Edmundston | C23: 26504 | D23: =SUM(J23:M23) -> 26685.66 | E23: 7 | F23: 0.25 | G23: 0.4 | H23: 0.6 | L23: 26685.66 | O23: =J23+K23+L23+M23-C23 -> 181.66 | P23: =((M23+L23+K23+J23)-C23)/C23 -> 0.0068540598 | R23: =SUM(J23:M23) -> 26685.66 | S23: =$D23*(F23) -> 6671.415 | T23: =$D23*(G23) -> 10674.264 | U23: =$D23*(H23) -> 16011.396 | W23: =IF((J23+K23)>S23,"Yes","No") -> No | X23: =IF((L23)>S23,"Yes","No") -> Yes | AA23: =IF((J23+K23)>T23,"Yes","No") -> No | AB23: =IF((L23)>T23,"Yes","No") -> Yes | AE23: =IF((J23+K23)>U23,"Yes","No") -> No | AF23: =IF((L23)>U23,"Yes","No") -> Yes | AI23: Rural | AK23: Rural | AM23: Rural
A24: 4-022 | B24: Campbellton | C24: 26776 | D24: =SUM(J24:M24) -> 26052.67 | E24: 7 | F24: 0.1 | G24: 0.2 | H24: 0.3 | L24: 26052.67 | O24: =J24+K24+L24+M24-C24 -> -723.33 | P24: =((M24+L24+K24+J24)-C24)/C24 -> -0.027014117 | R24: =SUM(J24:M24) -> 26052.67 | S24: =$D24*(F24) -> 2605.267 | T24: =$D24*(G24) -> 5210.534 | U24: =$D24*(H24) -> 7815.801 | W24: =IF((J24+K24)>S24,"Yes","No") -> No | X24: =IF((L24)>S24,"Yes","No") -> Yes | AA24: =IF((J24+K24)>T24,"Yes","No") -> No | AB24: =IF((L24)>T24,"Yes","No") -> Yes | AE24: =IF((J24+K24)>U24,"Yes","No") -> No | AF24: =IF((L24)>U24,"Yes","No") -> Yes | AI24: Rural | AK24: Rural | AM24: Rural
A25: 4-023 | B25: Matane | C25: 112039 | D25: =SUM(J25:M25) -> 111242.45 | E25: 7 | F25: 0.15 | G25: 0.3 | H25: 0.4 | L25: 111242.45 | O25: =J25+K25+L25+M25-C25 -> -796.55 | P25: =((M25+L25+K25+J25)-C25)/C25 -> -0.0071095779 | R25: =SUM(J25:M25) -> 111242.45 | S25: =$D25*(F25) -> 16686.368 | T25: =$D25*(G25) -> 33372.735 | U25: =$D25*(H25) -> 44496.98 | W25: =IF((J25+K25)>S25,"Yes","No") -> No | X25: =IF((L25)>S25,"Yes","No") -> Yes | AA25: =IF((J25+K25)>T25,"Yes","No") -> No | AB25: =IF((L25)>T25,"Yes","No") -> Yes | AE25: =IF((J25+K25)>U25,"Yes","No") -> No | AF25: =IF((L25)>U25,"Yes","No") -> Yes | AI25: Rural | AK25: Rural | AM25: Rural
A26: 4-024 | B26: Mont-Joli | C26: 37788 | D26: =SUM(J26:M26) -> 37612.68 | E26: 7 | F26: 0.05 | G26: 0.15 | H26: 0.25 | L26: 37612.68 | O26: =J26+K26+L26+M26-C26 -> -175.32 | P26: =((M26+L26+K26+J26)-C26)/C26 -> -0.0046395681 | R26: =SUM(J26:M26) -> 37612.68 | S26: =$D26*(F26) -> 1880.634 | T26: =$D26*(G26) -> 5641.902 | U26: =$D26*(H26) -> 9403.17 | W26: =IF((J26+K26)>S26,"Yes","No") -> No | X26: =IF((L26)>S26,"Yes","No") -> Yes | AA26: =IF((J26+K26)>T26,"Yes","No") -> No | AB26: =IF((L26)>T26,"Yes","No") -> Yes | AE26: =IF((J26+K26)>U26,"Yes","No") -> No | AF26: =IF((L26)>U26,"Yes","No") -> Yes | AI26: Rural | AK26: Rural | AM26: Rural
A27: 4-025 | B27: Rimouski | C27: 56619 | D27: =SUM(J27:M27) -> 57190.86 | E27: 7 | F27: 0.25 | G27: 0.4 | H27: 0.6 | K27: 46032.23 | L27: 11158.63 | O27: =J27+K27+L27+M27-C27 -> 571.86 | P27: =((M27+L27+K27+J27)-C27)/C27 -> 0.010100143 | R27: =SUM(J27:M27) -> 57190.86 | S27: =$D27*(F27) -> 14297.715 | T27: =$D27*(G27) -> 22876.344 | U27: =$D27*(H27) -> 34314.516 | W27: =IF((J27+K27)>S27,"Yes","No") -> Yes | AA27: =IF((J27+K27)>T27,"Yes","No") -> Yes | AE27: =IF((J27+K27)>U27,"Yes","No") -> Yes | AI27: Metro/Urban | AK27: Metro/Urban | AM27: Metro/Urban
A28: 4-026 | B28: Rivière-du-Loup | C28: 82869 | D28: =SUM(J28:M28) -> 84581.63 | E28: 7 | F28: 0.2 | G28: 0.35 | H28: 0.5 | L28: 84581.63 | O28: =J28+K28+L28+M28-C28 -> 1712.63 | P28: =((M28+L28+K28+J28)-C28)/C28 -> 0.020666715 | R28: =SUM(J28:M28) -> 84581.63 | S28: =$D28*(F28) -> 16916.326 | T28: =$D28*(G28) -> 29603.57 | U28: =$D28*(H28) -> 42290.815 | W28: =IF((J28+K28)>S28,"Yes","No") -> No | X28: =IF((L28)>S28,"Yes","No") -> Yes | AA28: =IF((J28+K28)>T28,"Yes","No") -> No | AB28: =IF((L28)>T28,"Yes","No") -> Yes | AE28: =IF((J28+K28)>U28,"Yes","No") -> No | AF28: =IF((L28)>U28,"Yes","No") -> Yes | AI28: Rural | AK28: Rural | AM28: Rural
A29: 4-027 | B29: La Malbaie | C29: 28193 | D29: =SUM(J29:M29) -> 28507.84 | E29: 7 | F29: 0.15 | G29: 0.3 | H29: 0.4 | L29: 28507.84 | O29: =J29+K29+L29+M29-C29 -> 314.84 | P29: =((M29+L29+K29+J29)-C29)/C29 -> 0.011167311 | R29: =SUM(J29:M29) -> 28507.84 | S29: =$D29*(F29) -> 4276.176 | T29: =$D29*(G29) -> 8552.352 | U29: =$D29*(H29) -> 11403.136 | W29: =IF((J29+K29)>S29,"Yes","No") -> No | X29: =IF((L29)>S29,"Yes","No") -> Yes | AA29: =IF((J29+K29)>T29,"Yes","No") -> No | AB29: =IF((L29)>T29,"Yes","No") -> Yes | AE29: =IF((J29+K29)>U29,"Yes","No") -> No | AF29: =IF((L29)>U29,"Yes","No") -> Yes | AI29: Rural | AK29: Rural | AM29: Rural
A30: 4-028 | B30: Chicoutimi-Jonquière | C30: 218377 | D30: =SUM(J30:M30) -> 218307.6 | E30: 5 | F30: 0.3 | G30: 0.5 | H30: 0.7 | K30: 126748.37 | L30: 91559.23 | O30: =J30+K30+L30+M30-C30 -> -69.4 | P30: =((M30+L30+K30+J30)-C30)/C30 -> -0.00031779904 | R30: =SUM(J30:M30) -> 218307.6 | S30: =$D30*(F30) -> 65492.28 | T30: =$D30*(G30) -> 109153.8 | U30: =$D30*(H30) -> 152815.32 | W30: =IF((J30+K30)>S30,"Yes","No") -> Yes | AA30: =IF((J30+K30)>T30,"Yes","No") -> Yes | AE30: =IF((J30+K30)>U30,"Yes","No") -> No | AF30: =IF((L30)>U30,"Yes","No") -> No | AG30: =IF((M30)>U30,"Yes","No") -> No | AI30: Metro/Urban | AK30: Metro/Urban | AM30: Mix | AO30: Yes | AR30: =U30-K30 -> 26066.95 | AS30: =AR30/L30*100 -> 28.470041
A31: 4-029 | B31: Montmagny | C31: 56808 | D31: =SUM(J31:M31) -> 56207.2 | E31: 7 | F31: 0.2 | G31: 0.35 | H31: 0.5 | L31: 56207.2 | O31: =J31+K31+L31+M31-C31 -> -600.8 | P31: =((M31+L31+K31+J31)-C31)/C31 -> -0.010575975 | R31: =SUM(J31:M31) -> 56207.2 | S31: =$D31*(F31) -> 11241.44 | T31: =$D31*(G31) -> 19672.52 | U31: =$D31*(H31) -> 28103.6 | W31: =IF((J31+K31)>S31,"Yes","No") -> No | X31: =IF((L31)>S31,"Yes","No") -> Yes | AA31: =IF((J31+K31)>T31,"Yes","No") -> No | AB31: =IF((L31)>T31,"Yes","No") -> Yes | AE31: =IF((J31+K31)>U31,"Yes","No") -> No | AF31: =IF((L31)>U31,"Yes","No") -> Yes | AI31: Rural | AK31: Rural | AM31: Rural
A32: 4-030 | B32: Québec | C32: 904330 | D32: =SUM(J32:M32) -> 942192.61 | E32: 5 | F32: 0.3 | G32: 0.5 | H32: 0.7 | K32: 795726.85 | L32: 146465.76 | O32: =J32+K32+L32+M32-C32 -> 37862.61 | P32: =((M32+L32+K32+J32)-C32)/C32 -> 0.041868134 | R32: =SUM(J32:M32) -> 942192.61 | S32: =$D32*(F32) -> 282657.78 | T32: =$D32*(G32) -> 471096.3 | U32: =$D32*(H32) -> 659534.83 | W32: =IF((J32+K32)>S32,"Yes","No") -> Yes | AA32: =IF((J32+K32)>T32,"Yes","No") -> Yes | AE32: =IF((J32+K32)>U32,"Yes","No") -> Yes | AI32: Metro/Urban | AK32: Metro/Urban | AM32: Metro/Urban
A33: 4-031 | B33: Sainte-Marie | C33: 53258 | D33: =SUM(J33:M33) -> 54962.76 | E33: 7 | F33: 0.25 | G33: 0.4 | H33: 0.6 | L33: 54962.76 | O33: =J33+K33+L33+M33-C33 -> 1704.76 | P33: =((M33+L33+K33+J33)-C33)/C33 -> 0.032009463 | R33: =SUM(J33:M33) -> 54962.76 | S33: =$D33*(F33) -> 13740.69 | T33: =$D33*(G33) -> 21985.104 | U33: =$D33*(H33) -> 32977.656 | W33: =IF((J33+K33)>S33,"Yes","No") -> No | X33: =IF((L33)>S33,"Yes","No") -> Yes | AA33: =IF((J33+K33)>T33,"Yes","No") -> No | AB33: =IF((L33)>T33,"Yes","No") -> Yes | AE33: =IF((J33+K33)>U33,"Yes","No") -> No | AF33: =IF((L33)>U33,"Yes","No") -> Yes | AI33: Rural | AK33: Rural | AM33: Rural
A34: 4-032 | B34: Saint-Georges | C34: 71425 | D34: =SUM(J34:M34) -> 72535.13 | E34: 7 | F34: 0.2 | G34: 0.35 | H34: 0.5 | L34: 72535.13 | O34: =J34+K34+L34+M34-C34 -> 1110.13 | P34: =((M34+L34+K34+J34)-C34)/C34 -> 0.015542597 | R34: =SUM(J34:M34) -> 72535.13 | S34: =$D34*(F34) -> 14507.026 | T34: =$D34*(G34) -> 25387.296 | U34: =$D34*(H34) -> 36267.565 | W34: =IF((J34+K34)>S34,"Yes","No") -> No | X34: =IF((L34)>S34,"Yes","No") -> Yes | AA34: =IF((J34+K34)>T34,"Yes","No") -> No | AB34: =IF((L34)>T34,"Yes","No") -> Yes | AE34: =IF((J34+K34)>U34,"Yes","No") -> No | AF34: =IF((L34)>U34,"Yes","No") -> Yes | AI34: Rural | AK34: Rural | AM34: Rural
A35: 4-033 | B35: Lac-Mégantic | C35: 24223 | D35: =SUM(J35:M35) -> 24584.22 | E35: 7 | F35: 0.2 | G35: 0.35 | H35: 0.5 | L35: 24584.22 | O35: =J35+K35+L35+M35-C35 -> 361.22 | P35: =((M35+L35+K35+J35)-C35)/C35 -> 0.014912273 | R35: =SUM(J35:M35) -> 24584.22 | S35: =$D35*(F35) -> 4916.844 | T35: =$D35*(G35) -> 8604.477 | U35: =$D35*(H35) -> 12292.11 | W35: =IF((J35+K35)>S35,"Yes","No") -> No | X35: =IF((L35)>S35,"Yes","No") -> Yes | AA35: =IF((J35+K35)>T35,"Yes","No") -> No | AB35: =IF((L35)>T35,"Yes","No") -> Yes | AE35: =IF((J35+K35)>U35,"Yes","No") -> No | AF35: =IF((L35)>U35,"Yes","No") -> Yes | AI35: Rural | AK35: Rural | AM35: Rural
A36: 4-034 | B36: Thetford Mines | C36: 42019 | D36: =SUM(J36:M36) -> 43000.79 | E36: 7 | F36: 0.3 | G36: 0.5 | H36: 0.7 | L36: 43000.79 | O36: =J36+K36+L36+M36-C36 -> 981.79 | P36: =((M36+L36+K36+J36)-C36)/C36 -> 0.023365382 | R36: =SUM(J36:M36) -> 43000.79 | S36: =$D36*(F36) -> 12900.237 | T36: =$D36*(G36) -> 21500.395 | U36: =$D36*(H36) -> 30100.553 | W36: =IF((J36+K36)>S36,"Yes","No") -> No | X36: =IF((L36)>S36,"Yes","No") -> Yes | AA36: =IF((J36+K36)>T36,"Yes","No") -> No | AB36: =IF((L36)>T36,"Yes","No") -> Yes | AE36: =IF((J36+K36)>U36,"Yes","No") -> No | AF36: =IF((L36)>U36,"Yes","No") -> Yes | AI36: Rural | AK36: Rural | AM36: Rural
A37: 4-035 | B37: Plessisville | C37: 22772 | D37: =SUM(J37:M37) -> 23054.36 | E37: 7 | F37: 0.1 | G37: 0.2 | H37: 0.3 | K37: 10086.48 | L37: 12967.88 | O37: =J37+K37+L37+M37-C37 -> 282.36 | P37: =((M37+L37+K37+J37)-C37)/C37 -> 0.012399438 | R37: =SUM(J37:M37) -> 23054.36 | S37: =$D37*(F37) -> 2305.436 | T37: =$D37*(G37) -> 4610.872 | U37: =$D37*(H37) -> 6916.308 | W37: =IF((J37+K37)>S37,"Yes","No") -> Yes | AA37: =IF((J37+K37)>T37,"Yes","No") -> Yes | AE37: =IF((J37+K37)>U37,"Yes","No") -> Yes | AI37: Metro/Urban | AK37: Metro/Urban | AM37: Metro/Urban
A38: 4-036 | B38: La Tuque | C38: 16219 | D38: =SUM(J38:M38) -> 16376.01 | E38: 7 | F38: 0.2 | G38: 0.35 | H38: 0.5 | L38: 16376.01 | O38: =J38+K38+L38+M38-C38 -> 157.01 | P38: =((M38+L38+K38+J38)-C38)/C38 -> 0.0096806215 | R38: =SUM(J38:M38) -> 16376.01 | S38: =$D38*(F38) -> 3275.202 | T38: =$D38*(G38) -> 5731.6035 | U38: =$D38*(H38) -> 8188.005 | W38: =IF((J38+K38)>S38,"Yes","No") -> No | X38: =IF((L38)>S38,"Yes","No") -> Yes | AA38: =IF((J38+K38)>T38,"Yes","No") -> No | AB38: =IF((L38)>T38,"Yes","No") -> Yes | AE38: =IF((J38+K38)>U38,"Yes","No") -> No | AF38: =IF((L38)>U38,"Yes","No") -> Yes | AI38: Rural | AK38: Rural | AM38: Rural
A39: 4-037 | B39: Trois-Rivières | C39: 265152 | D39: =SUM(J39:M39) -> 272644.1 | E39: 5 | F39: 0.3 | G39: 0.5 | H39: 0.7 | K39: 216627.1 | L39: 56017 | O39: =J39+K39+L39+M39-C39 -> 7492.1 | P39: =((M39+L39+K39+J39)-C39)/C39 -> 0.028255868 | R39: =SUM(J39:M39) -> 272644.1 | S39: =$D39*(F39) -> 81793.23 | T39: =$D39*(G39) -> 136322.05 | U39: =$D39*(H39) -> 190850.87 | W39: =IF((J39+K39)>S39,"Yes","No") -> Yes | AA39: =IF((J39+K39)>T39,"Yes","No") -> Yes | AE39: =IF((J39+K39)>U39,"Yes","No") -> Yes | AI39: Metro/Urban | AK39: Metro/Urban | AM39: Metro/Urban
A40: 4-038 | B40: Louiseville | C40: 21708 | D40: =SUM(J40:M40) -> 22170.19 | E40: 7 | F40: 0.15 | G40: 0.3 | H40: 0.4 | L40: 22170.19 | O40: =J40+K40+L40+M40-C40 -> 462.19 | P40: =((M40+L40+K40+J40)-C40)/C40 -> 0.021291229 | R40: =SUM(J40:M40) -> 22170.19 | S40: =$D40*(F40) -> 3325.5285 | T40: =$D40*(G40) -> 6651.057 | U40: =$D40*(H40) -> 8868.076 | W40: =IF((J40+K40)>S40,"Yes","No") -> No | X40: =IF((L40)>S40,"Yes","No") -> Yes | AA40: =IF((J40+K40)>T40,"Yes","No") -> No | AB40: =IF((L40)>T40,"Yes","No") -> Yes | AE40: =IF((J40+K40)>U40,"Yes","No") -> No | AF40: =IF((L40)>U40,"Yes","No") -> Yes | AI40: Rural | AK40: Rural | AM40: Rural
A41: 4-039 | B41: Asbestos | C41: 29744 | D41: =SUM(J41:M41) -> 30262.42 | E41: 7 | F41: 0.15 | G41: 0.3 | H41: 0.4 | L41: 30262.42 | O41: =J41+K41+L41+M41-C41 -> 518.42 | P41: =((M41+L41+K41+J41)-C41)/C41 -> 0.017429398 | R41: =SUM(J41:M41) -> 30262.42 | S41: =$D41*(F41) -> 4539.363 | T41: =$D41*(G41) -> 9078.726 | U41: =$D41*(H41) -> 12104.968 | W41: =IF((J41+K41)>S41,"Yes","No") -> No | X41: =IF((L41)>S41,"Yes","No") -> Yes | AA41: =IF((J41+K41)>T41,"Yes","No") -> No | AB41: =IF((L41)>T41,"Yes","No") -> Yes | AE41: =IF((J41+K41)>U41,"Yes","No") -> No | AF41: =IF((L41)>U41,"Yes","No") -> Yes | AI41: Rural | AK41: Rural | AM41: Rural
A42: 4-040 | B42: Victoriaville | C42: 56684 | D42: =SUM(J42:M42) -> 58676.4 | E42: 7 | F42: 0.3 | G42: 0.5 | H42: 0.7 | K42: 58676.4 | O42: =J42+K42+L42+M42-C42 -> 1992.4 | P42: =((M42+L42+K42+J42)-C42)/C42 -> 0.035149248 | R42: =SUM(J42:M42) -> 58676.4 | S42: =$D42*(F42) -> 17602.92 | T42: =$D42*(G42) -> 29338.2 | U42: =$D42*(H42) -> 41073.48 | W42: =IF((J42+K42)>S42,"Yes","No") -> Yes | AA42: =IF((J42+K42)>T42,"Yes","No") -> Yes | AE42: =IF((J42+K42)>U42,"Yes","No") -> Yes | AI42: Metro/Urban | AK42: Metro/Urban | AM42: Metro/Urban
A43: 4-041 | B43: Coaticook | C43: 12981 | D43: =SUM(J43:M43) -> 13002.8 | E43: 7 | F43: 0.15 | G43: 0.3 | H43: 0.4 | L43: 13002.8 | O43: =J43+K43+L43+M43-C43 -> 21.8 | P43: =((M43+L43+K43+J43)-C43)/C43 -> 0.0016793776 | R43: =SUM(J43:M43) -> 13002.8 | S43: =$D43*(F43) -> 1950.42 | T43: =$D43*(G43) -> 3900.84 | U43: =$D43*(H43) -> 5201.12 | W43: =IF((J43+K43)>S43,"Yes","No") -> No | X43: =IF((L43)>S43,"Yes","No") -> Yes | AA43: =IF((J43+K43)>T43,"Yes","No") -> No | AB43: =IF((L43)>T43,"Yes","No") -> Yes | AE43: =IF((J43+K43)>U43,"Yes","No") -> No | AF43: =IF((L43)>U43,"Yes","No") -> Yes | AI43: Rural | AK43: Rural | AM43: Rural
A44: 4-042 | B44: Sherbrooke | C44: 250227 | D44: =SUM(J44:M44) -> 268189.02 | E44: 5 | F44: 0.3 | G44: 0.5 | H44: 0.7 | K44: 183836.99 | L44: 84352.03 | O44: =J44+K44+L44+M44-C44 -> 17962.02 | P44: =((M44+L44+K44+J44)-C44)/C44 -> 0.071782901 | R44: =SUM(J44:M44) -> 268189.02 | S44: =$D44*(F44) -> 80456.706 | T44: =$D44*(G44) -> 134094.51 | U44: =$D44*(H44) -> 187732.31 | W44: =IF((J44+K44)>S44,"Yes","No") -> Yes | AA44: =IF((J44+K44)>T44,"Yes","No") -> Yes | AE44: =IF((J44+K44)>U44,"Yes","No") -> No | AF44: =IF((L44)>U44,"Yes","No") -> No | AG44: =IF((M44)>U44,"Yes","No") -> No | AI44: Metro/Urban | AK44: Metro/Urban | AM44: Mix | AO44: Yes | AR44: =U44-K44 -> 3895.324 | AS44: =AR44/L44*100 -> 4.6179375
A45: 4-043 | B45: Windsor | C45: 16777 | D45: =SUM(J45:M45) -> 16970.95 | E45: 7 | F45: 0.2 | G45: 0.35 | H45: 0.5 | L45: 16970.95 | O45: =J45+K45+L45+M45-C45 -> 193.95 | P45: =((M45+L45+K45+J45)-C45)/C45 -> 0.01156047 | R45: =SUM(J45:M45) -> 16970.95 | S45: =$D45*(F45) -> 3394.19 | T45: =$D45*(G45) -> 5939.8325 | U45: =$D45*(H45) -> 8485.475 | W45: =IF((J45+K45)>S45,"Yes","No") -> No | X45: =IF((L45)>S45,"Yes","No") -> Yes | AA45: =IF((J45+K45)>T45,"Yes","No") -> No | AB45: =IF((L45)>T45,"Yes","No") -> Yes | AE45: =IF((J45+K45)>U45,"Yes","No") -> No | AF45: =IF((L45)>U45,"Yes","No") -> Yes | AI45: Rural | AK45: Rural | AM45: Rural
A46: 4-044 | B46: Drummondville | C46: 112390 | D46: =SUM(J46:M46) -> 117000.22 | E46: 7 | F46: 0.3 | G46: 0.5 | H46: 0.7 | K46: 107931.03 | L46: 9069.19 | O46: =J46+K46+L46+M46-C46 -> 4610.22 | P46: =((M46+L46+K46+J46)-C46)/C46 -> 0.041019842 | R46: =SUM(J46:M46) -> 117000.22 | S46: =$D46*(F46) -> 35100.066 | T46: =$D46*(G46) -> 58500.11 | U46: =$D46*(H46) -> 81900.154 | W46: =IF((J46+K46)>S46,"Yes","No") -> Yes | AA46: =IF((J46+K46)>T46,"Yes","No") -> Yes | AE46: =IF((J46+K46)>U46,"Yes","No") -> Yes | AI46: Metro/Urban | AK46: Metro/Urban | AM46: Metro/Urban
A47: 4-045 | B47: Cowansville | C47: 29083 | D47: =SUM(J47:M47) -> 31701.12 | E47: 7 | F47: 0.3 | G47: 0.5 | H47: 0.7 | L47: 31701.12 | O47: =J47+K47+L47+M47-C47 -> 2618.12 | P47: =((M47+L47+K47+J47)-C47)/C47 -> 0.09002235 | R47: =SUM(J47:M47) -> 31701.12 | S47: =$D47*(F47) -> 9510.336 | T47: =$D47*(G47) -> 15850.56 | U47: =$D47*(H47) -> 22190.784 | W47: =IF((J47+K47)>S47,"Yes","No") -> No | X47: =IF((L47)>S47,"Yes","No") -> Yes | AA47: =IF((J47+K47)>T47,"Yes","No") -> No | AB47: =IF((L47)>T47,"Yes","No") -> Yes | AE47: =IF((J47+K47)>U47,"Yes","No") -> No | AF47: =IF((L47)>U47,"Yes","No") -> Yes | AI47: Rural | AK47: Rural | AM47: Rural
A48: 4-046 | B48: Farnham | C48: 29593 | D48: =SUM(J48:M48) -> 31715.16 | E48: 7 | F48: 0.05 | G48: 0.15 | H48: 0.25 | L48: 31715.16 | O48: =J48+K48+L48+M48-C48 -> 2122.16 | P48: =((M48+L48+K48+J48)-C48)/C48 -> 0.071711553 | R48: =SUM(J48:M48) -> 31715.16 | S48: =$D48*(F48) -> 1585.758 | T48: =$D48*(G48) -> 4757.274 | U48: =$D48*(H48) -> 7928.79 | W48: =IF((J48+K48)>S48,"Yes","No") -> No | X48: =IF((L48)>S48,"Yes","No") -> Yes | AA48: =IF((J48+K48)>T48,"Yes","No") -> No | AB48: =IF((L48)>T48,"Yes","No") -> Yes | AE48: =IF((J48+K48)>U48,"Yes","No") -> No | AF48: =IF((L48)>U48,"Yes","No") -> Yes | AI48: Rural | AK48: Rural | AM48: Rural
A49: 4-047 | B49: Granby | C49: 105440 | D49: =SUM(J49:M49) -> 112254.74 | E49: 7 | F49: 0.3 | G49: 0.5 | H49: 0.7 | K49: 95882.57 | L49: 16372.17 | O49: =J49+K49+L49+M49-C49 -> 6814.74 | P49: =((M49+L49+K49+J49)-C49)/C49 -> 0.064631449 | R49: =SUM(J49:M49) -> 112254.74 | S49: =$D49*(F49) -> 33676.422 | T49: =$D49*(G49) -> 56127.37 | U49: =$D49*(H49) -> 78578.318 | W49: =IF((J49+K49)>S49,"Yes","No") -> Yes | AA49: =IF((J49+K49)>T49,"Yes","No") -> Yes | AE49: =IF((J49+K49)>U49,"Yes","No") -> Yes | AI49: Metro/Urban | AK49: Metro/Urban | AM49: Metro/Urban
A50: 4-048 | B50: St-Hyacinthe | C50: 92092 | D50: =SUM(J50:M50) -> 94580.55 | E50: 7 | F50: 0.3 | G50: 0.5 | H50: 0.7 | K50: 78927.29 | L50: 15653.26 | O50: =J50+K50+L50+M50-C50 -> 2488.55 | P50: =((M50+L50+K50+J50)-C50)/C50 -> 0.027022434 | R50: =SUM(J50:M50) -> 94580.55 | S50: =$D50*(F50) -> 28374.165 | T50: =$D50*(G50) -> 47290.275 | U50: =$D50*(H50) -> 66206.385 | W50: =IF((J50+K50)>S50,"Yes","No") -> Yes | AA50: =IF((J50+K50)>T50,"Yes","No") -> Yes | AE50: =IF((J50+K50)>U50,"Yes","No") -> Yes | AI50: Metro/Urban | AK50: Metro/Urban | AM50: Metro/Urban
A51: 4-049 | B51: Sorel | C51: 58740 | D51: =SUM(J51:M51) -> 60433.39 | E51: 7 | F51: 0.25 | G51: 0.4 | H51: 0.6 | K51: 41818.59 | L51: 18614.8 | O51: =J51+K51+L51+M51-C51 -> 1693.39 | P51: =((M51+L51+K51+J51)-C51)/C51 -> 0.028828567 | R51: =SUM(J51:M51) -> 60433.39 | S51: =$D51*(F51) -> 15108.347 | T51: =$D51*(G51) -> 24173.356 | U51: =$D51*(H51) -> 36260.034 | W51: =IF((J51+K51)>S51,"Yes","No") -> Yes | AA51: =IF((J51+K51)>T51,"Yes","No") -> Yes | AE51: =IF((J51+K51)>U51,"Yes","No") -> Yes | AI51: Metro/Urban | AK51: Metro/Urban | AM51: Metro/Urban
A52: 4-050 | B52: Joliette | C52: 161106 | D52: =SUM(J52:M52) -> 172774.17 | E52: 7 | F52: 0.15 | G52: 0.3 | H52: 0.4 | K52: 122480.93 | L52: 50293.24 | O52: =J52+K52+L52+M52-C52 -> 11668.17 | P52: =((M52+L52+K52+J52)-C52)/C52 -> 0.072425422 | R52: =SUM(J52:M52) -> 172774.17 | S52: =$D52*(F52) -> 25916.126 | T52: =$D52*(G52) -> 51832.251 | U52: =$D52*(H52) -> 69109.668 | W52: =IF((J52+K52)>S52,"Yes","No") -> Yes | AA52: =IF((J52+K52)>T52,"Yes","No") -> Yes | AE52: =IF((J52+K52)>U52,"Yes","No") -> Yes | AI52: Metro/Urban | AK52: Metro/Urban | AM52: Metro/Urban
A53: 4-051 | B53: Montréal | C53: 4352037 | D53: =SUM(J53:M53) -> 4556508.2 | E53: 5 | F53: 0.3 | G53: 0.5 | H53: 0.7 | J53: 4556508.2 | O53: =J53+K53+L53+M53-C53 -> 204471.22 | P53: =((M53+L53+K53+J53)-C53)/C53 -> 0.046982877 | R53: =SUM(J53:M53) -> 4556508.2 | S53: =$D53*(F53) -> 1366952.5 | T53: =$D53*(G53) -> 2278254.1 | U53: =$D53*(H53) -> 3189555.8 | W53: =IF((J53+K53)>S53,"Yes","No") -> Yes | AA53: =IF((J53+K53)>T53,"Yes","No") -> Yes | AE53: =IF((J53+K53)>U53,"Yes","No") -> Yes | AI53: Metro/Urban | AK53: Metro/Urban | AM53: Metro/Urban
A54: 4-052 | B54: Sainte-Agathe-des-Monts | C54: 77087 | D54: =SUM(J54:M54) -> 86008.84 | E54: 7 | F54: 0.1 | G54: 0.2 | H54: 0.3 | L54: 86008.84 | O54: =J54+K54+L54+M54-C54 -> 8921.84 | P54: =((M54+L54+K54+J54)-C54)/C54 -> 0.11573728 | R54: =SUM(J54:M54) -> 86008.84 | S54: =$D54*(F54) -> 8600.884 | T54: =$D54*(G54) -> 17201.768 | U54: =$D54*(H54) -> 25802.652 | W54: =IF((J54+K54)>S54,"Yes","No") -> No | X54: =IF((L54)>S54,"Yes","No") -> Yes | AA54: =IF((J54+K54)>T54,"Yes","No") -> No | AB54: =IF((L54)>T54,"Yes","No") -> Yes | AE54: =IF((J54+K54)>U54,"Yes","No") -> No | AF54: =IF((L54)>U54,"Yes","No") -> Yes | AI54: Rural | AK54: Rural | AM54: Rural
A55: 4-053 | B55: Hawkesbury | C55: 64131 | D55: =SUM(J55:M55) -> 64928.78 | E55: 7 | F55: 0.2 | G55: 0.35 | H55: 0.5 | L55: 64928.78 | O55: =J55+K55+L55+M55-C55 -> 797.78 | P55: =((M55+L55+K55+J55)-C55)/C55 -> 0.01243985 | R55: =SUM(J55:M55) -> 64928.78 | S55: =$D55*(F55) -> 12985.756 | T55: =$D55*(G55) -> 22725.073 | U55: =$D55*(H55) -> 32464.39 | W55: =IF((J55+K55)>S55,"Yes","No") -> No | X55: =IF((L55)>S55,"Yes","No") -> Yes | AA55: =IF((J55+K55)>T55,"Yes","No") -> No | AB55: =IF((L55)>T55,"Yes","No") -> Yes | AE55: =IF((J55+K55)>U55,"Yes","No") -> No | AF55: =IF((L55)>U55,"Yes","No") -> Yes | AI55: Rural | AK55: Rural | AM55: Rural
A56: 4-054 | B56: Mont-Laurier/Maniwaki | C56: 48488 | D56: =SUM(J56:M56) -> 49819.24 | E56: 7 | F56: 0.15 | G56: 0.3 | H56: 0.4 | L56: 49819.24 | O56: =J56+K56+L56+M56-C56 -> 1331.24 | P56: =((M56+L56+K56+J56)-C56)/C56 -> 0.02745504 | R56: =SUM(J56:M56) -> 49819.24 | S56: =$D56*(F56) -> 7472.886 | T56: =$D56*(G56) -> 14945.772 | U56: =$D56*(H56) -> 19927.696 | W56: =IF((J56+K56)>S56,"Yes","No") -> No | X56: =IF((L56)>S56,"Yes","No") -> Yes | AA56: =IF((J56+K56)>T56,"Yes","No") -> No | AB56: =IF((L56)>T56,"Yes","No") -> Yes | AE56: =IF((J56+K56)>U56,"Yes","No") -> No | AF56: =IF((L56)>U56,"Yes","No") -> Yes | AI56: Rural | AK56: Rural | AM56: Rural
A57: 4-055 | B57: Ottawa | C57: 1452852 | D57: =SUM(J57:M57) -> 1573914.4 | E57: 5 | F57: 0.3 | G57: 0.5 | H57: 0.7 | K57: 1289679 | L57: 284235.44 | O57: =J57+K57+L57+M57-C57 -> 121062.45 | P57: =((M57+L57+K57+J57)-C57)/C57 -> 0.083327448 | R57: =SUM(J57:M57) -> 1573914.4 | S57: =$D57*(F57) -> 472174.33 | T57: =$D57*(G57) -> 786957.22 | U57: =$D57*(H57) -> 1101740.1 | W57: =IF((J57+K57)>S57,"Yes","No") -> Yes | AA57: =IF((J57+K57)>T57,"Yes","No") -> Yes | AE57: =IF((J57+K57)>U57,"Yes","No") -> Yes | AI57: Metro/Urban | AK57: Metro/Urban | AM57: Metro/Urban
A58: 4-056 | B58: Pembroke | C58: 82200 | D58: =SUM(J58:M58) -> 84474.55 | E58: 7 | F58: 0.2 | G58: 0.35 | H58: 0.5 | L58: 84474.55 | O58: =J58+K58+L58+M58-C58 -> 2274.55 | P58: =((M58+L58+K58+J58)-C58)/C58 -> 0.027670925 | R58: =SUM(J58:M58) -> 84474.55 | S58: =$D58*(F58) -> 16894.91 | T58: =$D58*(G58) -> 29566.092 | U58: =$D58*(H58) -> 42237.275 | W58: =IF((J58+K58)>S58,"Yes","No") -> No | X58: =IF((L58)>S58,"Yes","No") -> Yes | AA58: =IF((J58+K58)>T58,"Yes","No") -> No | AB58: =IF((L58)>T58,"Yes","No") -> Yes | AE58: =IF((J58+K58)>U58,"Yes","No") -> No | AF58: =IF((L58)>U58,"Yes","No") -> Yes | AI58: Rural | AK58: Rural | AM58: Rural
A59: 4-057 | B59: Arnprior/Renfrew | C59: 31367 | D59: =SUM(J59:M59) -> 33417.86 | E59: 7 | F59: 0.2 | G59: 0.35 | H59: 0.5 | L59: 33417.86 | O59: =J59+K59+L59+M59-C59 -> 2050.86 | P59: =((M59+L59+K59+J59)-C59)/C59 -> 0.065382727 | R59: =SUM(J59:M59) -> 33417.86 | S59: =$D59*(F59) -> 6683.572 | T59: =$D59*(G59) -> 11696.251 | U59: =$D59*(H59) -> 16708.93 | W59: =IF((J59+K59)>S59,"Yes","No") -> No | X59: =IF((L59)>S59,"Yes","No") -> Yes | AA59: =IF((J59+K59)>T59,"Yes","No") -> No | AB59: =IF((L59)>T59,"Yes","No") -> Yes | AE59: =IF((J59+K59)>U59,"Yes","No") -> No | AF59: =IF((L59)>U59,"Yes","No") -> Yes | AI59: Rural | AK59: Rural | AM59: Rural
A60: 4-058 | B60: Rouyn-Noranda | C60: 43108 | D60: =SUM(J60:M60) -> 43178.87 | E60: 7 | F60: 0.2 | G60: 0.35 | H60: 0.5 | L60: 43178.87 | O60: =J60+K60+L60+M60-C60 -> 70.87 | P60: =((M60+L60+K60+J60)-C60)/C60 -> 0.0016440104 | R60: =SUM(J60:M60) -> 43178.87 | S60: =$D60*(F60) -> 8635.774 | T60: =$D60*(G60) -> 15112.604 | U60: =$D60*(H60) -> 21589.435 | W60: =IF((J60+K60)>S60,"Yes","No") -> No | X60: =IF((L60)>S60,"Yes","No") -> Yes | AA60: =IF((J60+K60)>T60,"Yes","No") -> No | AB60: =IF((L60)>T60,"Yes","No") -> Yes | AE60: =IF((J60+K60)>U60,"Yes","No") -> No | AF60: =IF((L60)>U60,"Yes","No") -> Yes | AI60: Rural | AK60: Rural | AM60: Rural
A61: 4-059 | B61: Notre-Dame-du-Nord | C61: 16023 | D61: =SUM(J61:M61) -> 16177.18 | E61: 7 | F61: 0.15 | G61: 0.3 | H61: 0.4 | L61: 16177.18 | O61: =J61+K61+L61+M61-C61 -> 154.18 | P61: =((M61+L61+K61+J61)-C61)/C61 -> 0.0096224178 | R61: =SUM(J61:M61) -> 16177.18 | S61: =$D61*(F61) -> 2426.577 | T61: =$D61*(G61) -> 4853.154 | U61: =$D61*(H61) -> 6470.872 | W61: =IF((J61+K61)>S61,"Yes","No") -> No | X61: =IF((L61)>S61,"Yes","No") -> Yes | AA61: =IF((J61+K61)>T61,"Yes","No") -> No | AB61: =IF((L61)>T61,"Yes","No") -> Yes | AE61: =IF((J61+K61)>U61,"Yes","No") -> No | AF61: =IF((L61)>U61,"Yes","No") -> Yes | AI61: Rural | AK61: Rural | AM61: Rural
A62: 4-060 | B62: La Sarre | C62: 19349 | D62: =SUM(J62:M62) -> 19267.38 | E62: 7 | F62: 0.15 | G62: 0.3 | H62: 0.4 | L62: 19267.38 | O62: =J62+K62+L62+M62-C62 -> -81.62 | P62: =((M62+L62+K62+J62)-C62)/C62 -> -0.0042183059 | R62: =SUM(J62:M62) -> 19267.38 | S62: =$D62*(F62) -> 2890.107 | T62: =$D62*(G62) -> 5780.214 | U62: =$D62*(H62) -> 7706.952 | W62: =IF((J62+K62)>S62,"Yes","No") -> No | X62: =IF((L62)>S62,"Yes","No") -> Yes | AA62: =IF((J62+K62)>T62,"Yes","No") -> No | AB62: =IF((L62)>T62,"Yes","No") -> Yes | AE62: =IF((J62+K62)>U62,"Yes","No") -> No | AF62: =IF((L62)>U62,"Yes","No") -> Yes | AI62: Rural | AK62: Rural | AM62: Rural
A63: 4-061 | B63: Amos | C63: 25096 | D63: =SUM(J63:M63) -> 25208.73 | E63: 7 | F63: 0.15 | G63: 0.3 | H63: 0.4 | L63: 25208.73 | O63: =J63+K63+L63+M63-C63 -> 112.73 | P63: =((M63+L63+K63+J63)-C63)/C63 -> 0.0044919509 | R63: =SUM(J63:M63) -> 25208.73 | S63: =$D63*(F63) -> 3781.3095 | T63: =$D63*(G63) -> 7562.619 | U63: =$D63*(H63) -> 10083.492 | W63: =IF((J63+K63)>S63,"Yes","No") -> No | X63: =IF((L63)>S63,"Yes","No") -> Yes | AA63: =IF((J63+K63)>T63,"Yes","No") -> No | AB63: =IF((L63)>T63,"Yes","No") -> Yes | AE63: =IF((J63+K63)>U63,"Yes","No") -> No | AF63: =IF((L63)>U63,"Yes","No") -> Yes | AI63: Rural | AK63: Rural | AM63: Rural
A64: 4-062 | B64: Val-d'Or | C64: 44619 | D64: =SUM(J64:M64) -> 44812.66 | E64: 7 | F64: 0.2 | G64: 0.35 | H64: 0.5 | L64: 44812.66 | O64: =J64+K64+L64+M64-C64 -> 193.66 | P64: =((M64+L64+K64+J64)-C64)/C64 -> 0.0043403035 | R64: =SUM(J64:M64) -> 44812.66 | S64: =$D64*(F64) -> 8962.532 | T64: =$D64*(G64) -> 15684.431 | U64: =$D64*(H64) -> 22406.33 | W64: =IF((J64+K64)>S64,"Yes","No") -> No | X64: =IF((L64)>S64,"Yes","No") -> Yes | AA64: =IF((J64+K64)>T64,"Yes","No") -> No | AB64: =IF((L64)>T64,"Yes","No") -> Yes | AE64: =IF((J64+K64)>U64,"Yes","No") -> No | AF64: =IF((L64)>U64,"Yes","No") -> Yes | AI64: Rural | AK64: Rural | AM64: Rural
A65: 4-063 | B65: Roberval/Saint-Félicien | C65: 58438 | D65: =SUM(J65:M65) -> 57610.56 | E65: 7 | F65: 0.1 | G65: 0.2 | H65: 0.3 | L65: 57610.56 | O65: =J65+K65+L65+M65-C65 -> -827.44 | P65: =((M65+L65+K65+J65)-C65)/C65 -> -0.01415928 | R65: =SUM(J65:M65) -> 57610.56 | S65: =$D65*(F65) -> 5761.056 | T65: =$D65*(G65) -> 11522.112 | U65: =$D65*(H65) -> 17283.168 | W65: =IF((J65+K65)>S65,"Yes","No") -> No | X65: =IF((L65)>S65,"Yes","No") -> Yes | AA65: =IF((J65+K65)>T65,"Yes","No") -> No | AB65: =IF((L65)>T65,"Yes","No") -> Yes | AE65: =IF((J65+K65)>U65,"Yes","No") -> No | AF65: =IF((L65)>U65,"Yes","No") -> Yes | AI65: Rural | AK65: Rural | AM65: Rural
A66: 4-064 | B66: Baie-Comeau | C66: 43675 | D66: =SUM(J66:M66) -> 42043.67 | E66: 7 | F66: 0.2 | G66: 0.35 | H66: 0.5 | L66: 42043.67 | O66: =J66+K66+L66+M66-C66 -> -1631.33 | P66: =((M66+L66+K66+J66)-C66)/C66 -> -0.037351574 | R66: =SUM(J66:M66) -> 42043.67 | S66: =$D66*(F66) -> 8408.734 | T66: =$D66*(G66) -> 14715.284 | U66: =$D66*(H66) -> 21021.835 | W66: =IF((J66+K66)>S66,"Yes","No") -> No | X66: =IF((L66)>S66,"Yes","No") -> Yes | AA66: =IF((J66+K66)>T66,"Yes","No") -> No | AB66: =IF((L66)>T66,"Yes","No") -> Yes | AE66: =IF((J66+K66)>U66,"Yes","No") -> No | AF66: =IF((L66)>U66,"Yes","No") -> Yes | AI66: Rural | AK66: Rural | AM66: Rural
A67: 4-065 | B67: Port-Cartier/Sept-Îles | C67: 46983 | D67: =SUM(J67:M67) -> 44496.33 | E67: 7 | F67: 0.2 | G67: 0.35 | H67: 0.5 | L67: 44496.33 | O67: =J67+K67+L67+M67-C67 -> -2486.67 | P67: =((M67+L67+K67+J67)-C67)/C67 -> -0.052927016 | R67: =SUM(J67:M67) -> 44496.33 | S67: =$D67*(F67) -> 8899.266 | T67: =$D67*(G67) -> 15573.716 | U67: =$D67*(H67) -> 22248.165 | W67: =IF((J67+K67)>S67,"Yes","No") -> No | X67: =IF((L67)>S67,"Yes","No") -> Yes | AA67: =IF((J67+K67)>T67,"Yes","No") -> No | AB67: =IF((L67)>T67,"Yes","No") -> Yes | AE67: =IF((J67+K67)>U67,"Yes","No") -> No | AF67: =IF((L67)>U67,"Yes","No") -> Yes | AI67: Rural | AK67: Rural | AM67: Rural
A68: 4-066 | B68: Chibougamau | C68: 45730 | D68: =SUM(J68:M68) -> 47489.79 | E68: 7 | F68: 0.05 | G68: 0.1 | H68: 0.2 | M68: 47489.79 | O68: =J68+K68+L68+M68-C68 -> 1759.79 | P68: =((M68+L68+K68+J68)-C68)/C68 -> 0.038482178 | R68: =SUM(J68:M68) -> 47489.79 | S68: =$D68*(F68) -> 2374.4895 | T68: =$D68*(G68) -> 4748.979 | U68: =$D68*(H68) -> 9497.958 | W68: =IF((J68+K68)>S68,"Yes","No") -> No | X68: =IF((L68)>S68,"Yes","No") -> No | Y68: Yes | AA68: =IF((J68+K68)>T68,"Yes","No") -> No | AB68: =IF((L68)>T68,"Yes","No") -> No | AC68: =IF((M68)>U68,"Yes","No") -> Yes | AE68: =IF((J68+K68)>U68,"Yes","No") -> No | AF68: =IF((L68)>U68,"Yes","No") -> No | AG68: =IF((M68)>U68,"Yes","No") -> Yes | AI68: Remote | AK68: Remote | AM68: Remote
A69: 4-067 | B69: Cornwall | C69: 69729 | D69: =SUM(J69:M69) -> 69652.3 | E69: 7 | F69: 0.3 | G69: 0.5 | H69: 0.7 | K69: 59044.42 | L69: 10607.88 | O69: =J69+K69+L69+M69-C69 -> -76.7 | P69: =((M69+L69+K69+J69)-C69)/C69 -> -0.0010999728 | R69: =SUM(J69:M69) -> 69652.3 | S69: =$D69*(F69) -> 20895.69 | T69: =$D69*(G69) -> 34826.15 | U69: =$D69*(H69) -> 48756.61 | W69: =IF((J69+K69)>S69,"Yes","No") -> Yes | AA69: =IF((J69+K69)>T69,"Yes","No") -> Yes | AE69: =IF((J69+K69)>U69,"Yes","No") -> Yes | AI69: Metro/Urban | AK69: Metro/Urban | AM69: Metro/Urban
A70: 4-068 | B70: Brockville | C70: 70563 | D70: =SUM(J70:M70) -> 71755.31 | E70: 7 | F70: 0.2 | G70: 0.35 | H70: 0.5 | L70: 71755.31 | O70: =J70+K70+L70+M70-C70 -> 1192.31 | P70: =((M70+L70+K70+J70)-C70)/C70 -> 0.016897099 | R70: =SUM(J70:M70) -> 71755.31 | S70: =$D70*(F70) -> 14351.062 | T70: =$D70*(G70) -> 25114.358 | U70: =$D70*(H70) -> 35877.655 | W70: =IF((J70+K70)>S70,"Yes","No") -> No | X70: =IF((L70)>S70,"Yes","No") -> Yes | AA70: =IF((J70+K70)>T70,"Yes","No") -> No | AB70: =IF((L70)>T70,"Yes","No") -> Yes | AE70: =IF((J70+K70)>U70,"Yes","No") -> No | AF70: =IF((L70)>U70,"Yes","No") -> Yes | AI70: Rural | AK70: Rural | AM70: Rural
A71: 4-069 | B71: Gananoque | C71: 13150 | D71: =SUM(J71:M71) -> 13596.39 | E71: 7 | F71: 0.2 | G71: 0.35 | H71: 0.5 | L71: 13596.39 | O71: =J71+K71+L71+M71-C71 -> 446.39 | P71: =((M71+L71+K71+J71)-C71)/C71 -> 0.033946008 | R71: =SUM(J71:M71) -> 13596.39 | S71: =$D71*(F71) -> 2719.278 | T71: =$D71*(G71) -> 4758.7365 | U71: =$D71*(H71) -> 6798.195 | W71: =IF((J71+K71)>S71,"Yes","No") -> No | X71: =IF((L71)>S71,"Yes","No") -> Yes | AA71: =IF((J71+K71)>T71,"Yes","No") -> No | AB71: =IF((L71)>T71,"Yes","No") -> Yes | AE71: =IF((J71+K71)>U71,"Yes","No") -> No | AF71: =IF((L71)>U71,"Yes","No") -> Yes | AI71: Rural | AK71: Rural | AM71: Rural
A72: 4-070 | B72: Kingston | C72: 177314 | D72: =SUM(J72:M72) -> 189961.19 | E72: 5 | F72: 0.3 | G72: 0.5 | H72: 0.7 | K72: 148306.16 | L72: 41655.03 | O72: =J72+K72+L72+M72-C72 -> 12647.19 | P72: =((M72+L72+K72+J72)-C72)/C72 -> 0.071326517 | R72: =SUM(J72:M72) -> 189961.19 | S72: =$D72*(F72) -> 56988.357 | T72: =$D72*(G72) -> 94980.595 | U72: =$D72*(H72) -> 132972.83 | W72: =IF((J72+K72)>S72,"Yes","No") -> Yes | AA72: =IF((J72+K72)>T72,"Yes","No") -> Yes | AE72: =IF((J72+K72)>U72,"Yes","No") -> Yes | AI72: Metro/Urban | AK72: Metro/Urban | AM72: Metro/Urban
A73: 4-071 | B73: Napanee | C73: 42993 | D73: =SUM(J73:M73) -> 44832.56 | E73: 7 | F73: 0.05 | G73: 0.15 | H73: 0.25 | L73: 44832.56 | O73: =J73+K73+L73+M73-C73 -> 1839.56 | P73: =((M73+L73+K73+J73)-C73)/C73 -> 0.042787431 | R73: =SUM(J73:M73) -> 44832.56 | S73: =$D73*(F73) -> 2241.628 | T73: =$D73*(G73) -> 6724.884 | U73: =$D73*(H73) -> 11208.14 | W73: =IF((J73+K73)>S73,"Yes","No") -> No | X73: =IF((L73)>S73,"Yes","No") -> Yes | AA73: =IF((J73+K73)>T73,"Yes","No") -> No | AB73: =IF((L73)>T73,"Yes","No") -> Yes | AE73: =IF((J73+K73)>U73,"Yes","No") -> No | AF73: =IF((L73)>U73,"Yes","No") -> Yes | AI73: Rural | AK73: Rural | AM73: Rural
A74: 4-072 | B74: Belleville | C74: 154982 | D74: =SUM(J74:M74) -> 165556.26 | E74: 7 | F74: 0.15 | G74: 0.3 | H74: 0.4 | K74: 101127.57 | L74: 64428.69 | O74: =J74+K74+L74+M74-C74 -> 10574.26 | P74: =((M74+L74+K74+J74)-C74)/C74 -> 0.068228956 | R74: =SUM(J74:M74) -> 165556.26 | S74: =$D74*(F74) -> 24833.439 | T74: =$D74*(G74) -> 49666.878 | U74: =$D74*(H74) -> 66222.504 | W74: =IF((J74+K74)>S74,"Yes","No") -> Yes | AA74: =IF((J74+K74)>T74,"Yes","No") -> Yes | AE74: =IF((J74+K74)>U74,"Yes","No") -> Yes | AI74: Metro/Urban | AK74: Metro/Urban | AM74: Metro/Urban
A75: 4-073 | B75: Cobourg | C75: 65180 | D75: =SUM(J75:M75) -> 67884.9 | E75: 7 | F75: 0.1 | G75: 0.2 | H75: 0.3 | L75: 67884.9 | O75: =J75+K75+L75+M75-C75 -> 2704.9 | P75: =((M75+L75+K75+J75)-C75)/C75 -> 0.041498926 | R75: =SUM(J75:M75) -> 67884.9 | S75: =$D75*(F75) -> 6788.49 | T75: =$D75*(G75) -> 13576.98 | U75: =$D75*(H75) -> 20365.47 | W75: =IF((J75+K75)>S75,"Yes","No") -> No | X75: =IF((L75)>S75,"Yes","No") -> Yes | AA75: =IF((J75+K75)>T75,"Yes","No") -> No | AB75: =IF((L75)>T75,"Yes","No") -> Yes | AE75: =IF((J75+K75)>U75,"Yes","No") -> No | AF75: =IF((L75)>U75,"Yes","No") -> Yes | AI75: Rural | AK75: Rural | AM75: Rural
A76: 4-074 | B76: Peterborough | C76: 165516 | D76: =SUM(J76:M76) -> 176232.37 | E76: 7 | F76: 0.25 | G76: 0.4 | H76: 0.6 | K76: 101719.17 | L76: 74513.2 | O76: =J76+K76+L76+M76-C76 -> 10716.37 | P76: =((M76+L76+K76+J76)-C76)/C76 -> 0.064745221 | R76: =SUM(J76:M76) -> 176232.37 | S76: =$D76*(F76) -> 44058.092 | T76: =$D76*(G76) -> 70492.948 | U76: =$D76*(H76) -> 105739.42 | W76: =IF((J76+K76)>S76,"Yes","No") -> Yes | AA76: =IF((J76+K76)>T76,"Yes","No") -> Yes | AE76: =IF((J76+K76)>U76,"Yes","No") -> No | AF76: =IF((L76)>U76,"Yes","No") -> No | AG76: =IF((M76)>U76,"Yes","No") -> No | AI76: Metro/Urban | AK76: Metro/Urban | AM76: Mix | AO76: Yes | AR76: =U76-K76 -> 4020.252 | AS76: =AR76/L76*100 -> 5.3953555
A77: 4-075 | B77: Lindsay | C77: 45902 | D77: =SUM(J77:M77) -> 48179.45 | E77: 7 | F77: 0.25 | G77: 0.4 | H77: 0.6 | L77: 48179.45 | O77: =J77+K77+L77+M77-C77 -> 2277.45 | P77: =((M77+L77+K77+J77)-C77)/C77 -> 0.049615485 | R77: =SUM(J77:M77) -> 48179.45 | S77: =$D77*(F77) -> 12044.862 | T77: =$D77*(G77) -> 19271.78 | U77: =$D77*(H77) -> 28907.67 | W77: =IF((J77+K77)>S77,"Yes","No") -> No | X77: =IF((L77)>S77,"Yes","No") -> Yes | AA77: =IF((J77+K77)>T77,"Yes","No") -> No | AB77: =IF((L77)>T77,"Yes","No") -> Yes | AE77: =IF((J77+K77)>U77,"Yes","No") -> No | AF77: =IF((L77)>U77,"Yes","No") -> Yes | AI77: Rural | AK77: Rural | AM77: Rural
A78: 4-076 | B78: Minden | C78: 20813 | D78: =SUM(J78:M78) -> 23430.01 | E78: 7 | F78: 0.15 | G78: 0.3 | H78: 0.4 | L78: 23430.01 | O78: =J78+K78+L78+M78-C78 -> 2617.01 | P78: =((M78+L78+K78+J78)-C78)/C78 -> 0.1257392 | R78: =SUM(J78:M78) -> 23430.01 | S78: =$D78*(F78) -> 3514.5015 | T78: =$D78*(G78) -> 7029.003 | U78: =$D78*(H78) -> 9372.004 | W78: =IF((J78+K78)>S78,"Yes","No") -> No | X78: =IF((L78)>S78,"Yes","No") -> Yes | AA78: =IF((J78+K78)>T78,"Yes","No") -> No | AB78: =IF((L78)>T78,"Yes","No") -> Yes | AE78: =IF((J78+K78)>U78,"Yes","No") -> No | AF78: =IF((L78)>U78,"Yes","No") -> Yes | AI78: Rural | AK78: Rural | AM78: Rural
A79: 4-077 | B79: Toronto | C79: 7030750 | D79: =SUM(J79:M79) -> 7363382.1 | E79: 5 | F79: 0.3 | G79: 0.5 | H79: 0.7 | J79: 7363382.1 | O79: =J79+K79+L79+M79-C79 -> 332632.06 | P79: =((M79+L79+K79+J79)-C79)/C79 -> 0.047311035 | R79: =SUM(J79:M79) -> 7363382.1 | S79: =$D79*(F79) -> 2209014.6 | T79: =$D79*(G79) -> 3681691 | U79: =$D79*(H79) -> 5154367.4 | W79: =IF((J79+K79)>S79,"Yes","No") -> Yes | AA79: =IF((J79+K79)>T79,"Yes","No") -> Yes | AE79: =IF((J79+K79)>U79,"Yes","No") -> Yes | AI79: Metro/Urban | AK79: Metro/Urban | AM79: Metro/Urban
A80: 4-078 | B80: Alliston | C80: 129279 | D80: =SUM(J80:M80) -> 152100.65 | E80: 7 | F80: 0.2 | G80: 0.35 | H80: 0.5 | K80: 31649.54 | L80: 120451.11 | O80: =J80+K80+L80+M80-C80 -> 22821.65 | P80: =((M80+L80+K80+J80)-C80)/C80 -> 0.17653022 | R80: =SUM(J80:M80) -> 152100.65 | S80: =$D80*(F80) -> 30420.13 | T80: =$D80*(G80) -> 53235.227 | U80: =$D80*(H80) -> 76050.325 | W80: =IF((J80+K80)>S80,"Yes","No") -> Yes | AA80: =IF((J80+K80)>T80,"Yes","No") -> No | AB80: =IF((L80)>T80,"Yes","No") -> Yes | AE80: =IF((J80+K80)>U80,"Yes","No") -> No | AF80: =IF((L80)>U80,"Yes","No") -> Yes | AI80: Metro/Urban | AK80: Mix | AM80: Mix | AO80: Yes | AP80: =T80-K80 -> 21585.687 | AQ80: =AP80/L80*100 -> 17.920705 | AR80: =U80-K80 -> 44400.785 | AS80: =AR80/L80*100 -> 36.86208
A81: 4-079 | B81: Guelph/Kitchener | C81: 707534 | D81: =SUM(J81:M81) -> 773843.52 | E81: 5 | F81: 0.3 | G81: 0.5 | H81: 0.7 | K81: 740064.43 | L81: 33779.09 | O81: =J81+K81+L81+M81-C81 -> 66309.52 | P81: =((M81+L81+K81+J81)-C81)/C81 -> 0.093719199 | R81: =SUM(J81:M81) -> 773843.52 | S81: =$D81*(F81) -> 232153.06 | T81: =$D81*(G81) -> 386921.76 | U81: =$D81*(H81) -> 541690.46 | W81: =IF((J81+K81)>S81,"Yes","No") -> Yes | AA81: =IF((J81+K81)>T81,"Yes","No") -> Yes | AE81: =IF((J81+K81)>U81,"Yes","No") -> Yes | AI81: Metro/Urban | AK81: Metro/Urban | AM81: Metro/Urban
A82: 4-080 | B82: Fergus | C82: 30010 | D82: =SUM(J82:M82) -> 32948.66 | E82: 7 | F82: 0.2 | G82: 0.35 | H82: 0.5 | L82: 32948.66 | O82: =J82+K82+L82+M82-C82 -> 2938.66 | P82: =((M82+L82+K82+J82)-C82)/C82 -> 0.097922692 | R82: =SUM(J82:M82) -> 32948.66 | S82: =$D82*(F82) -> 6589.732 | T82: =$D82*(G82) -> 11532.031 | U82: =$D82*(H82) -> 16474.33 | W82: =IF((J82+K82)>S82,"Yes","No") -> No | X82: =IF((L82)>S82,"Yes","No") -> Yes | AA82: =IF((J82+K82)>T82,"Yes","No") -> No | AB82: =IF((L82)>T82,"Yes","No") -> Yes | AE82: =IF((J82+K82)>U82,"Yes","No") -> No | AF82: =IF((L82)>U82,"Yes","No") -> Yes | AI82: Rural | AK82: Rural | AM82: Rural
A83: 4-081 | B83: Kincardine | C83: 185818 | D83: =SUM(J83:M83) -> 198801.61 | E83: 7 | F83: 0.2 | G83: 0.35 | H83: 0.5 | L83: 198801.61 | O83: =J83+K83+L83+M83-C83 -> 12983.61 | P83: =((M83+L83+K83+J83)-C83)/C83 -> 0.069872725 | R83: =SUM(J83:M83) -> 198801.61 | S83: =$D83*(F83) -> 39760.322 | T83: =$D83*(G83) -> 69580.564 | U83: =$D83*(H83) -> 99400.805 | W83: =IF((J83+K83)>S83,"Yes","No") -> No | X83: =IF((L83)>S83,"Yes","No") -> Yes | AA83: =IF((J83+K83)>T83,"Yes","No") -> No | AB83: =IF((L83)>T83,"Yes","No") -> Yes | AE83: =IF((J83+K83)>U83,"Yes","No") -> No | AF83: =IF((L83)>U83,"Yes","No") -> Yes | AI83: Rural | AK83: Rural | AM83: Rural
A84: 4-082 | B84: Listowel/Goderich | C84: 84257 | D84: =SUM(J84:M84) -> 89385.27 | E84: 7 | F84: 0.1 | G84: 0.2 | H84: 0.3 | L84: 89385.27 | O84: =J84+K84+L84+M84-C84 -> 5128.27 | P84: =((M84+L84+K84+J84)-C84)/C84 -> 0.060864617 | R84: =SUM(J84:M84) -> 89385.27 | S84: =$D84*(F84) -> 8938.527 | T84: =$D84*(G84) -> 17877.054 | U84: =$D84*(H84) -> 26815.581 | W84: =IF((J84+K84)>S84,"Yes","No") -> No | X84: =IF((L84)>S84,"Yes","No") -> Yes | AA84: =IF((J84+K84)>T84,"Yes","No") -> No | AB84: =IF((L84)>T84,"Yes","No") -> Yes | AE84: =IF((J84+K84)>U84,"Yes","No") -> No | AF84: =IF((L84)>U84,"Yes","No") -> Yes | AI84: Rural | AK84: Rural | AM84: Rural
A85: 4-083 | B85: Fort Erie | C85: 31072 | D85: =SUM(J85:M85) -> 33647.38 | E85: 7 | F85: 0.3 | G85: 0.5 | H85: 0.7 | L85: 33647.38 | O85: =J85+K85+L85+M85-C85 -> 2575.38 | P85: =((M85+L85+K85+J85)-C85)/C85 -> 0.082884269 | R85: =SUM(J85:M85) -> 33647.38 | S85: =$D85*(F85) -> 10094.214 | T85: =$D85*(G85) -> 16823.69 | U85: =$D85*(H85) -> 23553.166 | W85: =IF((J85+K85)>S85,"Yes","No") -> No | X85: =IF((L85)>S85,"Yes","No") -> Yes | AA85: =IF((J85+K85)>T85,"Yes","No") -> No | AB85: =IF((L85)>T85,"Yes","No") -> Yes | AE85: =IF((J85+K85)>U85,"Yes","No") -> No | AF85: =IF((L85)>U85,"Yes","No") -> Yes | AI85: Rural | AK85: Rural | AM85: Rural
A86: 4-084 | B86: Niagara/St. Catharines | C86: 349283 | D86: =SUM(J86:M86) -> 372251.19 | E86: 5 | F86: 0.3 | G86: 0.5 | H86: 0.7 | K86: 372251.19 | O86: =J86+K86+L86+M86-C86 -> 22968.19 | P86: =((M86+L86+K86+J86)-C86)/C86 -> 0.06575811 | R86: =SUM(J86:M86) -> 372251.19 | S86: =$D86*(F86) -> 111675.36 | T86: =$D86*(G86) -> 186125.6 | U86: =$D86*(H86) -> 260575.83 | W86: =IF((J86+K86)>S86,"Yes","No") -> Yes | AA86: =IF((J86+K86)>T86,"Yes","No") -> Yes | AE86: =IF((J86+K86)>U86,"Yes","No") -> Yes | AI86: Metro/Urban | AK86: Metro/Urban | AM86: Metro/Urban
A87: 4-085 | B87: Haldimand/Dunnville | C87: 37398 | D87: =SUM(J87:M87) -> 40642.8 | E87: 7 | F87: 0.15 | G87: 0.3 | H87: 0.4 | L87: 40642.8 | O87: =J87+K87+L87+M87-C87 -> 3244.8 | P87: =((M87+L87+K87+J87)-C87)/C87 -> 0.086763998 | R87: =SUM(J87:M87) -> 40642.8 | S87: =$D87*(F87) -> 6096.42 | T87: =$D87*(G87) -> 12192.84 | U87: =$D87*(H87) -> 16257.12 | W87: =IF((J87+K87)>S87,"Yes","No") -> No | X87: =IF((L87)>S87,"Yes","No") -> Yes | AA87: =IF((J87+K87)>T87,"Yes","No") -> No | AB87: =IF((L87)>T87,"Yes","No") -> Yes | AE87: =IF((J87+K87)>U87,"Yes","No") -> No | AF87: =IF((L87)>U87,"Yes","No") -> Yes | AI87: Rural | AK87: Rural | AM87: Rural
A88: 4-086 | B88: London/Woodstock/St. Thomas | C88: 678149 | D88: =SUM(J88:M88) -> 738854.72 | E88: 5 | F88: 0.3 | G88: 0.5 | H88: 0.7 | K88: 546013.62 | L88: 192841.1 | O88: =J88+K88+L88+M88-C88 -> 60705.72 | P88: =((M88+L88+K88+J88)-C88)/C88 -> 0.089516788 | R88: =SUM(J88:M88) -> 738854.72 | S88: =$D88*(F88) -> 221656.42 | T88: =$D88*(G88) -> 369427.36 | U88: =$D88*(H88) -> 517198.3 | W88: =IF((J88+K88)>S88,"Yes","No") -> Yes | AA88: =IF((J88+K88)>T88,"Yes","No") -> Yes | AE88: =IF((J88+K88)>U88,"Yes","No") -> Yes | AI88: Metro/Urban | AK88: Metro/Urban | AM88: Metro/Urban
A89: 4-087 | B89: Brantford | C89: 138535 | D89: =SUM(J89:M89) -> 148371.99 | E89: 7 | F89: 0.3 | G89: 0.5 | H89: 0.7 | K89: 140572.6 | L89: 7799.39 | O89: =J89+K89+L89+M89-C89 -> 9836.99 | P89: =((M89+L89+K89+J89)-C89)/C89 -> 0.071007254 | R89: =SUM(J89:M89) -> 148371.99 | S89: =$D89*(F89) -> 44511.597 | T89: =$D89*(G89) -> 74185.995 | U89: =$D89*(H89) -> 103860.39 | W89: =IF((J89+K89)>S89,"Yes","No") -> Yes | AA89: =IF((J89+K89)>T89,"Yes","No") -> Yes | AE89: =IF((J89+K89)>U89,"Yes","No") -> Yes | AI89: Metro/Urban | AK89: Metro/Urban | AM89: Metro/Urban
A90: 4-088 | B90: Stratford | C90: 51339 | D90: =SUM(J90:M90) -> 53654.17 | E90: 7 | F90: 0.25 | G90: 0.4 | H90: 0.6 | K90: 43848.92 | L90: 9805.25 | O90: =J90+K90+L90+M90-C90 -> 2315.17 | P90: =((M90+L90+K90+J90)-C90)/C90 -> 0.045095736 | R90: =SUM(J90:M90) -> 53654.17 | S90: =$D90*(F90) -> 13413.542 | T90: =$D90*(G90) -> 21461.668 | U90: =$D90*(H90) -> 32192.502 | W90: =IF((J90+K90)>S90,"Yes","No") -> Yes | AA90: =IF((J90+K90)>T90,"Yes","No") -> Yes | AE90: =IF((J90+K90)>U90,"Yes","No") -> Yes | AI90: Metro/Urban | AK90: Metro/Urban | AM90: Metro/Urban
A91: 4-089 | B91: Chatham | C91: 68885 | D91: =SUM(J91:M91) -> 70303.29 | E91: 7 | F91: 0.3 | G91: 0.5 | H91: 0.7 | K91: 42037.68 | L91: 28265.61 | O91: =J91+K91+L91+M91-C91 -> 1418.29 | P91: =((M91+L91+K91+J91)-C91)/C91 -> 0.020589243 | R91: =SUM(J91:M91) -> 70303.29 | S91: =$D91*(F91) -> 21090.987 | T91: =$D91*(G91) -> 35151.645 | U91: =$D91*(H91) -> 49212.303 | W91: =IF((J91+K91)>S91,"Yes","No") -> Yes | AA91: =IF((J91+K91)>T91,"Yes","No") -> Yes | AE91: =IF((J91+K91)>U91,"Yes","No") -> No | AF91: =IF((L91)>U91,"Yes","No") -> No | AG91: =IF((M91)>U91,"Yes","No") -> No | AI91: Metro/Urban | AK91: Metro/Urban | AM91: Mix | AO91: Yes | AR91: =U91-K91 -> 7174.623 | AS91: =AR91/L91*100 -> 25.38287
A92: 4-090 | B92: Windsor/Leamington | C92: 401719 | D92: =SUM(J92:M92) -> 425810.51 | E92: 5 | F92: 0.3 | G92: 0.5 | H92: 0.7 | K92: 378917.16 | L92: 46893.35 | O92: =J92+K92+L92+M92-C92 -> 24091.51 | P92: =((M92+L92+K92+J92)-C92)/C92 -> 0.059971049 | R92: =SUM(J92:M92) -> 425810.51 | S92: =$D92*(F92) -> 127743.15 | T92: =$D92*(G92) -> 212905.26 | U92: =$D92*(H92) -> 298067.36 | W92: =IF((J92+K92)>S92,"Yes","No") -> Yes | AA92: =IF((J92+K92)>T92,"Yes","No") -> Yes | AE92: =IF((J92+K92)>U92,"Yes","No") -> Yes | AI92: Metro/Urban | AK92: Metro/Urban | AM92: Metro/Urban
A93: 4-091 | B93: Wallaceburg | C93: 30983 | D93: =SUM(J93:M93) -> 30045.71 | E93: 7 | F93: 0.15 | G93: 0.3 | H93: 0.4 | K93: 8265.03 | L93: 21780.68 | O93: =J93+K93+L93+M93-C93 -> -937.29 | P93: =((M93+L93+K93+J93)-C93)/C93 -> -0.030251751 | R93: =SUM(J93:M93) -> 30045.71 | S93: =$D93*(F93) -> 4506.8565 | T93: =$D93*(G93) -> 9013.713 | U93: =$D93*(H93) -> 12018.284 | W93: =IF((J93+K93)>S93,"Yes","No") -> Yes | AA93: =IF((J93+K93)>T93,"Yes","No") -> No | AB93: =IF((L93)>T93,"Yes","No") -> Yes | AE93: =IF((J93+K93)>U93,"Yes","No") -> No | AF93: =IF((L93)>U93,"Yes","No") -> Yes | AI93: Metro/Urban | AK93: Mix | AM93: Mix | AO93: Yes | AP93: =T93-K93 -> 748.683 | AQ93: =AP93/L93*100 -> 3.437372 | AR93: =U93-K93 -> 3753.254 | AS93: =AR93/L93*100 -> 17.232033
A94: 4-092 | B94: Sarnia | C94: 123953 | D94: =SUM(J94:M94) -> 126775.04 | E94: 7 | F94: 0.3 | G94: 0.5 | H94: 0.7 | K94: 78600.59 | L94: 48174.45 | O94: =J94+K94+L94+M94-C94 -> 2822.04 | P94: =((M94+L94+K94+J94)-C94)/C94 -> 0.022767017 | R94: =SUM(J94:M94) -> 126775.04 | S94: =$D94*(F94) -> 38032.512 | T94: =$D94*(G94) -> 63387.52 | U94: =$D94*(H94) -> 88742.528 | W94: =IF((J94+K94)>S94,"Yes","No") -> Yes | AA94: =IF((J94+K94)>T94,"Yes","No") -> Yes | AE94: =IF((J94+K94)>U94,"Yes","No") -> No | AF94: =IF((L94)>U94,"Yes","No") -> No | AG94: =IF((M94)>U94,"Yes","No") -> No | AI94: Metro/Urban | AK94: Metro/Urban | AM94: Mix | AO94: Yes | AR94: =U94-K94 -> 10141.938 | AS94: =AR94/L94*100 -> 21.052525
A95: 4-093 | B95: Strathroy | C95: 46727 | D95: =SUM(J95:M95) -> 51527.21 | E95: 7 | F95: 0.25 | G95: 0.4 | H95: 0.6 | K95: 13907.98 | L95: 37619.23 | O95: =J95+K95+L95+M95-C95 -> 4800.21 | P95: =((M95+L95+K95+J95)-C95)/C95 -> 0.10272883 | R95: =SUM(J95:M95) -> 51527.21 | S95: =$D95*(F95) -> 12881.803 | T95: =$D95*(G95) -> 20610.884 | U95: =$D95*(H95) -> 30916.326 | W95: =IF((J95+K95)>S95,"Yes","No") -> Yes | AA95: =IF((J95+K95)>T95,"Yes","No") -> No | AB95: =IF((L95)>T95,"Yes","No") -> Yes | AE95: =IF((J95+K95)>U95,"Yes","No") -> No | AF95: =IF((L95)>U95,"Yes","No") -> Yes | AI95: Metro/Urban | AK95: Mix | AM95: Mix | AO95: Yes | AP95: =T95-K95 -> 6702.904 | AQ95: =AP95/L95*100 -> 17.81776 | AR95: =U95-K95 -> 17008.346 | AS95: =AR95/L95*100 -> 45.21184
A96: 4-094 | B96: Barrie | C96: 352290 | D96: =SUM(J96:M96) -> 382704.14 | E96: 5 | F96: 0.25 | G96: 0.4 | H96: 0.6 | K96: 269820.41 | L96: 112883.73 | O96: =J96+K96+L96+M96-C96 -> 30414.14 | P96: =((M96+L96+K96+J96)-C96)/C96 -> 0.08633268 | R96: =SUM(J96:M96) -> 382704.14 | S96: =$D96*(F96) -> 95676.035 | T96: =$D96*(G96) -> 153081.66 | U96: =$D96*(H96) -> 229622.48 | W96: =IF((J96+K96)>S96,"Yes","No") -> Yes | AA96: =IF((J96+K96)>T96,"Yes","No") -> Yes | AE96: =IF((J96+K96)>U96,"Yes","No") -> Yes | AI96: Metro/Urban | AK96: Metro/Urban | AM96: Metro/Urban
A97: 4-095 | B97: Midland | C97: 49059 | D97: =SUM(J97:M97) -> 53462.42 | E97: 7 | F97: 0.2 | G97: 0.35 | H97: 0.5 | L97: 53462.42 | O97: =J97+K97+L97+M97-C97 -> 4403.42 | P97: =((M97+L97+K97+J97)-C97)/C97 -> 0.089757639 | R97: =SUM(J97:M97) -> 53462.42 | S97: =$D97*(F97) -> 10692.484 | T97: =$D97*(G97) -> 18711.847 | U97: =$D97*(H97) -> 26731.21 | W97: =IF((J97+K97)>S97,"Yes","No") -> No | X97: =IF((L97)>S97,"Yes","No") -> Yes | AA97: =IF((J97+K97)>T97,"Yes","No") -> No | AB97: =IF((L97)>T97,"Yes","No") -> Yes | AE97: =IF((J97+K97)>U97,"Yes","No") -> No | AF97: =IF((L97)>U97,"Yes","No") -> Yes | AI97: Rural | AK97: Rural | AM97: Rural
A98: 4-096 | B98: Gravenhurst/Bracebridge | C98: 61892 | D98: =SUM(J98:M98) -> 68225.97 | E98: 7 | F98: 0.2 | G98: 0.35 | H98: 0.5 | L98: 68225.97 | O98: =J98+K98+L98+M98-C98 -> 6333.97 | P98: =((M98+L98+K98+J98)-C98)/C98 -> 0.10233907 | R98: =SUM(J98:M98) -> 68225.97 | S98: =$D98*(F98) -> 13645.194 | T98: =$D98*(G98) -> 23879.089 | U98: =$D98*(H98) -> 34112.985 | W98: =IF((J98+K98)>S98,"Yes","No") -> No | X98: =IF((L98)>S98,"Yes","No") -> Yes | AA98: =IF((J98+K98)>T98,"Yes","No") -> No | AB98: =IF((L98)>T98,"Yes","No") -> Yes | AE98: =IF((J98+K98)>U98,"Yes","No") -> No | AF98: =IF((L98)>U98,"Yes","No") -> Yes | AI98: Rural | AK98: Rural | AM98: Rural
A99: 4-097 | B99: North Bay | C99: 104524 | D99: =SUM(J99:M99) -> 106921.08 | E99: 7 | F99: 0.25 | G99: 0.4 | H99: 0.6 | K99: 57881.19 | L99: 49039.89 | O99: =J99+K99+L99+M99-C99 -> 2397.08 | P99: =((M99+L99+K99+J99)-C99)/C99 -> 0.022933298 | R99: =SUM(J99:M99) -> 106921.08 | S99: =$D99*(F99) -> 26730.27 | T99: =$D99*(G99) -> 42768.432 | U99: =$D99*(H99) -> 64152.648 | W99: =IF((J99+K99)>S99,"Yes","No") -> Yes | AA99: =IF((J99+K99)>T99,"Yes","No") -> Yes | AE99: =IF((J99+K99)>U99,"Yes","No") -> No | AF99: =IF((L99)>U99,"Yes","No") -> No | AG99: =IF((M99)>U99,"Yes","No") -> No | AI99: Metro/Urban | AK99: Metro/Urban | AM99: Mix | AO99: Yes | AR99: =U99-K99 -> 6271.458 | AS99: =AR99/L99*100 -> 12.788483
A100: 4-098 | B100: Parry Sound | C100: 21123 | D100: =SUM(J100:M100) -> 24090.27 | E100: 7 | F100: 0.15 | G100: 0.3 | H100: 0.4 | L100: 24090.27 | O100: =J100+K100+L100+M100-C100 -> 2967.27 | P100: =((M100+L100+K100+J100)-C100)/C100 -> 0.14047578 | R100: =SUM(J100:M100) -> 24090.27 | S100: =$D100*(F100) -> 3613.5405 | T100: =$D100*(G100) -> 7227.081 | U100: =$D100*(H100) -> 9636.108 | W100: =IF((J100+K100)>S100,"Yes","No") -> No | X100: =IF((L100)>S100,"Yes","No") -> Yes | AA100: =IF((J100+K100)>T100,"Yes","No") -> No | AB100: =IF((L100)>T100,"Yes","No") -> Yes | AE100: =IF((J100+K100)>U100,"Yes","No") -> No | AF100: =IF((L100)>U100,"Yes","No") -> Yes | AI100: Rural | AK100: Rural | AM100: Rural
...
